"section","row","level","col","type","repro","repro_sd","paper","paper_sd","p_repro","p_paper","diff","diff_sd"
"N","N","","Q1","n",5847,NA,5847,NA,"","",0,NA
"N","N","","Q2","n",5847,NA,5847,NA,"","",0,NA
"N","N","","Q3","n",5847,NA,5847,NA,"","",0,NA
"N","N","","Q4","n",5848,NA,5848,NA,"","",0,NA
"Age (years)","Age (years)","","Q1","cont",37.0646921421104,13.4461688246734,37.06,13.45,"<0.001","<0.001",0.00469214211037183,-0.00383117532661004
"Age (years)","Age (years)","","Q2","cont",46.3325586999537,15.0498409247023,46.33,15.05,"<0.001","<0.001",0.00255869995365288,-0.000159075297712974
"Age (years)","Age (years)","","Q3","cont",51.7358588120192,15.904309366332,51.74,15.9,"<0.001","<0.001",-0.00414118798080665,0.00430936633198264
"Age (years)","Age (years)","","Q4","cont",57.4699102050473,16.1459039812156,57.47,16.14,"<0.001","<0.001",-8.97949527356445e-05,0.00590398121560298
"Sex, (%)","Sex, (%)","Male","Q1","cat",59.0236140154596,NA,59.02,NA,"<0.001","<0.001",0.00361401545959694,NA
"Sex, (%)","Sex, (%)","Male","Q2","cat",52.3324170061057,NA,52.33,NA,"<0.001","<0.001",0.00241700610572337,NA
"Sex, (%)","Sex, (%)","Male","Q3","cat",46.0659015791866,NA,46.07,NA,"<0.001","<0.001",-0.00409842081338496,NA
"Sex, (%)","Sex, (%)","Male","Q4","cat",32.2861531878825,NA,32.29,NA,"<0.001","<0.001",-0.00384681211748017,NA
"Sex, (%)","Sex, (%)","Female","Q1","cat",40.9763859845404,NA,40.98,NA,"<0.001","<0.001",-0.00361401545959694,NA
"Sex, (%)","Sex, (%)","Female","Q2","cat",47.6675829938943,NA,47.67,NA,"<0.001","<0.001",-0.00241700610572337,NA
"Sex, (%)","Sex, (%)","Female","Q3","cat",53.9340984208134,NA,53.93,NA,"<0.001","<0.001",0.00409842081338496,NA
"Sex, (%)","Sex, (%)","Female","Q4","cat",67.7138468121175,NA,67.71,NA,"<0.001","<0.001",0.00384681211747306,NA
"Race/ethnicity, (%)","Race/ethnicity, (%)","Non-Hispanic White","Q1","cat",64.3914582175781,NA,64.39,NA,"<0.001","<0.001",0.00145821757811859,NA
"Race/ethnicity, (%)","Race/ethnicity, (%)","Non-Hispanic White","Q2","cat",64.7320640710475,NA,64.73,NA,"<0.001","<0.001",0.00206407104751349,NA
"Race/ethnicity, (%)","Race/ethnicity, (%)","Non-Hispanic White","Q3","cat",64.0727878944393,NA,64.07,NA,"<0.001","<0.001",0.00278789443927963,NA
"Race/ethnicity, (%)","Race/ethnicity, (%)","Non-Hispanic White","Q4","cat",67.0796099792035,NA,67.08,NA,"<0.001","<0.001",-0.000390020796487534,NA
"Race/ethnicity, (%)","Race/ethnicity, (%)","Non-Hispanic Black","Q1","cat",14.9665517281191,NA,14.97,NA,"<0.001","<0.001",-0.00344827188094854,NA
"Race/ethnicity, (%)","Race/ethnicity, (%)","Non-Hispanic Black","Q2","cat",10.2528433386236,NA,10.25,NA,"<0.001","<0.001",0.00284333862356512,NA
"Race/ethnicity, (%)","Race/ethnicity, (%)","Non-Hispanic Black","Q3","cat",10.0106857448069,NA,10.01,NA,"<0.001","<0.001",0.000685744806920852,NA
"Race/ethnicity, (%)","Race/ethnicity, (%)","Non-Hispanic Black","Q4","cat",9.27232974054557,NA,9.27,NA,"<0.001","<0.001",0.00232974054556756,NA
"Race/ethnicity, (%)","Race/ethnicity, (%)","Mexican American","Q1","cat",5.58136374340445,NA,5.58,NA,"<0.001","<0.001",0.00136374340445133,NA
"Race/ethnicity, (%)","Race/ethnicity, (%)","Mexican American","Q2","cat",8.56820337393136,NA,8.57,NA,"<0.001","<0.001",-0.00179662606863573,NA
"Race/ethnicity, (%)","Race/ethnicity, (%)","Mexican American","Q3","cat",10.5999540638274,NA,10.6,NA,"<0.001","<0.001",-4.59361726274921e-05,NA
"Race/ethnicity, (%)","Race/ethnicity, (%)","Mexican American","Q4","cat",9.9062394896373,NA,9.91,NA,"<0.001","<0.001",-0.00376051036269942,NA
"Race/ethnicity, (%)","Race/ethnicity, (%)","Other race/multiracial","Q1","cat",15.0606263108984,NA,15.06,NA,"<0.001","<0.001",0.000626310898386606,NA
"Race/ethnicity, (%)","Race/ethnicity, (%)","Other race/multiracial","Q2","cat",16.4468892163976,NA,16.45,NA,"<0.001","<0.001",-0.0031107836024411,NA
"Race/ethnicity, (%)","Race/ethnicity, (%)","Other race/multiracial","Q3","cat",15.3165722969264,NA,15.32,NA,"<0.001","<0.001",-0.00342770307356943,NA
"Race/ethnicity, (%)","Race/ethnicity, (%)","Other race/multiracial","Q4","cat",13.7418207906136,NA,13.74,NA,"<0.001","<0.001",0.00182079061361762,NA
"Education level, (%)","Education level, (%)","Less than high school","Q1","cat",9.01134631975323,NA,9.01,NA,"<0.001","<0.001",0.00134631975322819,NA
"Education level, (%)","Education level, (%)","Less than high school","Q2","cat",12.3206026994218,NA,12.32,NA,"<0.001","<0.001",0.000602699421804687,NA
"Education level, (%)","Education level, (%)","Less than high school","Q3","cat",16.0698547557537,NA,16.07,NA,"<0.001","<0.001",-0.000145244246340326,NA
"Education level, (%)","Education level, (%)","Less than high school","Q4","cat",19.3624466202198,NA,19.36,NA,"<0.001","<0.001",0.00244662021981767,NA
"Education level, (%)","Education level, (%)","High school","Q1","cat",18.1982711294456,NA,18.2,NA,"<0.001","<0.001",-0.00172887055438409,NA
"Education level, (%)","Education level, (%)","High school","Q2","cat",21.3213951563854,NA,21.31,NA,"<0.001","<0.001",0.0113951563854293,NA
"Education level, (%)","Education level, (%)","High school","Q3","cat",24.1567619433321,NA,24.15,NA,"<0.001","<0.001",0.00676194333210489,NA
"Education level, (%)","Education level, (%)","High school","Q4","cat",26.4485439509337,NA,26.44,NA,"<0.001","<0.001",0.0085439509336922,NA
"Education level, (%)","Education level, (%)","More than high school","Q1","cat",72.7903825508012,NA,72.79,NA,"<0.001","<0.001",0.000382550801163006,NA
"Education level, (%)","Education level, (%)","More than high school","Q2","cat",66.3580021441928,NA,66.33,NA,"<0.001","<0.001",0.0280021441927687,NA
"Education level, (%)","Education level, (%)","More than high school","Q3","cat",59.7733833009142,NA,59.76,NA,"<0.001","<0.001",0.0133833009142421,NA
"Education level, (%)","Education level, (%)","More than high school","Q4","cat",54.1890094288465,NA,54.17,NA,"<0.001","<0.001",0.0190094288464877,NA
"Smoking, (%)","Smoking, (%)","Ever","Q1","cat",36.927979463191,NA,36.91,NA,"<0.001","<0.001",0.0179794631909971,NA
"Smoking, (%)","Smoking, (%)","Ever","Q2","cat",43.6163102310522,NA,43.59,NA,"<0.001","<0.001",0.026310231052193,NA
"Smoking, (%)","Smoking, (%)","Ever","Q3","cat",46.8937856079712,NA,46.87,NA,"<0.001","<0.001",0.0237856079711563,NA
"Smoking, (%)","Smoking, (%)","Ever","Q4","cat",47.9420843061751,NA,47.93,NA,"<0.001","<0.001",0.0120843061751401,NA
"Smoking, (%)","Smoking, (%)","Never","Q1","cat",63.072020536809,NA,63.09,NA,"<0.001","<0.001",-0.0179794631909971,NA
"Smoking, (%)","Smoking, (%)","Never","Q2","cat",56.3836897689478,NA,56.41,NA,"<0.001","<0.001",-0.0263102310522001,NA
"Smoking, (%)","Smoking, (%)","Never","Q3","cat",53.1062143920288,NA,53.13,NA,"<0.001","<0.001",-0.0237856079711563,NA
"Smoking, (%)","Smoking, (%)","Never","Q4","cat",52.0579156938249,NA,52.07,NA,"<0.001","<0.001",-0.0120843061751259,NA
"Diabetes, (%)","Diabetes, (%)","Yes","Q1","cat",3.00918687061884,NA,3.01,NA,"<0.001","<0.001",-0.00081312938115774,NA
"Diabetes, (%)","Diabetes, (%)","Yes","Q2","cat",8.60159165072372,NA,8.6,NA,"<0.001","<0.001",0.0015916507237197,NA
"Diabetes, (%)","Diabetes, (%)","Yes","Q3","cat",14.8518189115289,NA,14.85,NA,"<0.001","<0.001",0.00181891152889158,NA
"Diabetes, (%)","Diabetes, (%)","Yes","Q4","cat",26.7816404993071,NA,26.76,NA,"<0.001","<0.001",0.0216404993071109,NA
"Diabetes, (%)","Diabetes, (%)","No","Q1","cat",96.9908131293812,NA,96.99,NA,"<0.001","<0.001",0.000813129381171507,NA
"Diabetes, (%)","Diabetes, (%)","No","Q2","cat",91.3984083492763,NA,91.4,NA,"<0.001","<0.001",-0.00159165072373924,NA
"Diabetes, (%)","Diabetes, (%)","No","Q3","cat",85.1481810884711,NA,85.15,NA,"<0.001","<0.001",-0.00181891152890046,NA
"Diabetes, (%)","Diabetes, (%)","No","Q4","cat",73.2183595006929,NA,73.24,NA,"<0.001","<0.001",-0.0216404993071251,NA
"High blood pressure, (%)","High blood pressure, (%)","Yes","Q1","cat",13.8944875860627,NA,13.89,NA,"<0.001","<0.001",0.0044875860626874,NA
"High blood pressure, (%)","High blood pressure, (%)","Yes","Q2","cat",29.071632648552,NA,29.05,NA,"<0.001","<0.001",0.0216326485519822,NA
"High blood pressure, (%)","High blood pressure, (%)","Yes","Q3","cat",38.8321099608918,NA,38.8,NA,"<0.001","<0.001",0.0321099608918516,NA
"High blood pressure, (%)","High blood pressure, (%)","Yes","Q4","cat",52.8066151277882,NA,52.73,NA,"<0.001","<0.001",0.0766151277881875,NA
"High blood pressure, (%)","High blood pressure, (%)","No","Q1","cat",86.1055124139373,NA,86.11,NA,"<0.001","<0.001",-0.00448758606268029,NA
"High blood pressure, (%)","High blood pressure, (%)","No","Q2","cat",70.928367351448,NA,70.95,NA,"<0.001","<0.001",-0.0216326485519858,NA
"High blood pressure, (%)","High blood pressure, (%)","No","Q3","cat",61.1678900391082,NA,61.2,NA,"<0.001","<0.001",-0.0321099608918516,NA
"High blood pressure, (%)","High blood pressure, (%)","No","Q4","cat",47.1933848722118,NA,47.27,NA,"<0.001","<0.001",-0.0766151277881875,NA
"Coronary heart disease, (%)","Coronary heart disease, (%)","Yes","Q1","cat",0.83549527861662,NA,0.83,NA,"<0.001","<0.001",0.00549527861661991,NA
"Coronary heart disease, (%)","Coronary heart disease, (%)","Yes","Q2","cat",2.23576184206736,NA,2.23,NA,"<0.001","<0.001",0.00576184206736396,NA
"Coronary heart disease, (%)","Coronary heart disease, (%)","Yes","Q3","cat",4.29510043190681,NA,4.28,NA,"<0.001","<0.001",0.0151004319068111,NA
"Coronary heart disease, (%)","Coronary heart disease, (%)","Yes","Q4","cat",7.23479412195234,NA,7.2,NA,"<0.001","<0.001",0.0347941219523422,NA
"Coronary heart disease, (%)","Coronary heart disease, (%)","No","Q1","cat",99.1645047213834,NA,99.17,NA,"<0.001","<0.001",-0.00549527861662114,NA
"Coronary heart disease, (%)","Coronary heart disease, (%)","No","Q2","cat",97.7642381579326,NA,97.77,NA,"<0.001","<0.001",-0.00576184206735775,NA
"Coronary heart disease, (%)","Coronary heart disease, (%)","No","Q3","cat",95.7048995680932,NA,95.72,NA,"<0.001","<0.001",-0.0151004319068022,NA
"Coronary heart disease, (%)","Coronary heart disease, (%)","No","Q4","cat",92.7652058780477,NA,92.8,NA,"<0.001","<0.001",-0.0347941219523449,NA
"Cancer, (%)","Cancer, (%)","Yes","Q1","cat",5.09466013762581,NA,5.09,NA,"<0.001","<0.001",0.00466013762580797,NA
"Cancer, (%)","Cancer, (%)","Yes","Q2","cat",9.74979234497519,NA,9.75,NA,"<0.001","<0.001",-0.000207655024814457,NA
"Cancer, (%)","Cancer, (%)","Yes","Q3","cat",11.880774960955,NA,11.87,NA,"<0.001","<0.001",0.0107749609549916,NA
"Cancer, (%)","Cancer, (%)","Yes","Q4","cat",16.8946568840246,NA,16.89,NA,"<0.001","<0.001",0.00465688402460884,NA
"Cancer, (%)","Cancer, (%)","No","Q1","cat",94.9053398623742,NA,94.91,NA,"<0.001","<0.001",-0.00466013762580531,NA
"Cancer, (%)","Cancer, (%)","No","Q2","cat",90.2502076550248,NA,90.25,NA,"<0.001","<0.001",0.000207655024823339,NA
"Cancer, (%)","Cancer, (%)","No","Q3","cat",88.119225039045,NA,88.13,NA,"<0.001","<0.001",-0.0107749609549899,NA
"Cancer, (%)","Cancer, (%)","No","Q4","cat",83.1053431159754,NA,83.11,NA,"<0.001","<0.001",-0.0046568840246124,NA
"Stroke, (%)","Stroke, (%)","Yes","Q1","cat",0.900159927470866,NA,0.9,NA,"<0.001","<0.001",0.000159927470865906,NA
"Stroke, (%)","Stroke, (%)","Yes","Q2","cat",2.00279152629831,NA,2,NA,"<0.001","<0.001",0.00279152629830959,NA
"Stroke, (%)","Stroke, (%)","Yes","Q3","cat",3.07517776573425,NA,3.08,NA,"<0.001","<0.001",-0.00482223426575379,NA
"Stroke, (%)","Stroke, (%)","Yes","Q4","cat",5.49331030885552,NA,5.49,NA,"<0.001","<0.001",0.0033103088555233,NA
"Stroke, (%)","Stroke, (%)","No","Q1","cat",99.0998400725291,NA,99.1,NA,"<0.001","<0.001",-0.000159927470861021,NA
"Stroke, (%)","Stroke, (%)","No","Q2","cat",97.9972084737017,NA,98,NA,"<0.001","<0.001",-0.00279152629831003,NA
"Stroke, (%)","Stroke, (%)","No","Q3","cat",96.9248222342657,NA,96.92,NA,"<0.001","<0.001",0.00482223426574535,NA
"Stroke, (%)","Stroke, (%)","No","Q4","cat",94.5066896911445,NA,94.51,NA,"<0.001","<0.001",-0.00331030885553218,NA
"BMI (kg/m2)","BMI (kg/m2)","","Q1","cont",24.9629825705067,4.701050586681,24.96,4.7,"<0.001","<0.001",0.0029825705067239,0.00105058668100089
"BMI (kg/m2)","BMI (kg/m2)","","Q2","cont",28.3194274623117,5.32152282434918,28.32,5.32,"<0.001","<0.001",-0.000572537688309893,0.00152282434918316
"BMI (kg/m2)","BMI (kg/m2)","","Q3","cont",30.6718619004742,6.3708437092207,30.67,6.37,"<0.001","<0.001",0.00186190047421064,0.000843709220702316
"BMI (kg/m2)","BMI (kg/m2)","","Q4","cont",34.2305483078177,7.82719321126997,34.22,7.82,"<0.001","<0.001",0.0105483078177429,0.00719321126997308
"Waist circumference (cm)","Waist circumference (cm)","","Q1","cont",86.0879086459237,10.5605623342503,86.09,10.56,"<0.001","<0.001",-0.00209135407625638,0.000562334250290064
"Waist circumference (cm)","Waist circumference (cm)","","Q2","cont",97.2435902617177,11.6070592875919,97.24,11.61,"<0.001","<0.001",0.00359026171771859,-0.00294071240806204
"Waist circumference (cm)","Waist circumference (cm)","","Q3","cont",104.788462414373,13.1932126519329,104.79,13.19,"<0.001","<0.001",-0.0015375856266644,0.00321265193291964
"Waist circumference (cm)","Waist circumference (cm)","","Q4","cont",115.339537728111,16.1279904763039,115.34,16.13,"<0.001","<0.001",-0.000462271888650889,-0.00200952369610619
"PIR","PIR","","Q1","cont",3.12628377216409,1.67543047773476,3.08,1.62,"<0.001","<0.001",0.0462837721640907,0.0554304777347552
"PIR","PIR","","Q2","cont",3.19403866680095,1.63948872797793,3.14,1.59,"<0.001","<0.001",0.0540386668009489,0.0494887279779344
"PIR","PIR","","Q3","cont",2.99178043963946,1.66293076160327,2.96,1.6,"<0.001","<0.001",0.0317804396394648,0.0629307616032668
"PIR","PIR","","Q4","cont",2.62046312435584,1.58951908243727,2.61,1.52,"<0.001","<0.001",0.0104631243558395,0.0695190824372691
"Weight (kg)","Weight (kg)","","Q1","cont",74.70054363952,16.8537106014843,74.7,16.85,"<0.001","<0.001",0.000543639520046213,0.00371060148425073
"Weight (kg)","Weight (kg)","","Q2","cont",82.0607658421826,19.4164651576038,82.06,19.41,"<0.001","<0.001",0.000765842182573806,0.00646515760376332
"Weight (kg)","Weight (kg)","","Q3","cont",86.2896191785792,21.8088401039076,86.29,21.81,"<0.001","<0.001",-0.000380821420790767,-0.0011598960924033
"Weight (kg)","Weight (kg)","","Q4","cont",91.6458381315492,25.2132662558662,91.65,25.21,"<0.001","<0.001",-0.00416186845082223,0.00326625586620821
"Average alcohol consumption past 12 months","Average alcohol consumption past 12 months","","Q1","cont",2.89550443773981,2.50011555206492,3.24,18.67,"<0.001","0.187",-0.34449556226019,-16.1698844479351
"Average alcohol consumption past 12 months","Average alcohol consumption past 12 months","","Q2","cont",2.6854359449787,2.36107381105864,4.29,39.96,"<0.001","0.187",-1.6045640550213,-37.5989261889414
"Average alcohol consumption past 12 months","Average alcohol consumption past 12 months","","Q3","cont",2.5475691825803,2.16822334874448,2.99,20.49,"<0.001","0.187",-0.442430817419701,-18.3217766512555
"Average alcohol consumption past 12 months","Average alcohol consumption past 12 months","","Q4","cont",2.31594415224484,2.21048755675533,3.33,29.64,"<0.001","0.187",-1.01405584775516,-27.4295124432447
"Triglycerides (mg/dL)","Triglycerides (mg/dL)","","Q1","cont",95.8703362772471,91.838867687154,107.49,63.03,"<0.001","<0.001",-11.6196637227528,28.808867687154
"Triglycerides (mg/dL)","Triglycerides (mg/dL)","","Q2","cont",117.625698445928,98.4351629383868,117.45,67.7,"<0.001","<0.001",0.175698445927623,30.7351629383868
"Triglycerides (mg/dL)","Triglycerides (mg/dL)","","Q3","cont",133.520032770004,119.58536324454,124.53,80.28,"<0.001","<0.001",8.99003277000392,39.3053632445404
"Triglycerides (mg/dL)","Triglycerides (mg/dL)","","Q4","cont",137.790252581751,88.4617493316505,126.97,61.62,"<0.001","<0.001",10.8202525817514,26.8417493316505
"HDL-C (mg/dL)","HDL-C (mg/dL)","","Q1","cont",57.466654681012,16.6003183784674,57.27,16.23,"<0.001","<0.001",0.196654681012028,0.370318378467388
"HDL-C (mg/dL)","HDL-C (mg/dL)","","Q2","cont",54.0317802646237,16.9769890031067,54,16.65,"<0.001","<0.001",0.0317802646236771,0.326989003106675
"HDL-C (mg/dL)","HDL-C (mg/dL)","","Q3","cont",52.1832478385276,17.1300889031979,52.22,16.84,"<0.001","<0.001",-0.0367521614723998,0.290088903197894
"HDL-C (mg/dL)","HDL-C (mg/dL)","","Q4","cont",51.0960891594013,14.7677871629314,51.2,14.41,"<0.001","<0.001",-0.103910840598722,0.357787162931443
"LDL-C (mg/dL)","LDL-C (mg/dL)","","Q1","cont",106.904633509526,33.0950218130626,109.3,22.37,"<0.001","<0.001",-2.39536649047361,10.7250218130626
"LDL-C (mg/dL)","LDL-C (mg/dL)","","Q2","cont",115.537045817894,34.5933039308992,113.27,23.74,"<0.001","<0.001",2.26704581789382,10.8533039308992
"LDL-C (mg/dL)","LDL-C (mg/dL)","","Q3","cont",116.288071615312,36.5607178933413,113.47,24.32,"<0.001","<0.001",2.81807161531216,12.2407178933413
"LDL-C (mg/dL)","LDL-C (mg/dL)","","Q4","cont",111.985764598434,36.4560818425244,111.61,24.87,"<0.001","<0.001",0.375764598433946,11.5860818425244
"Total cholesterol (mg/dL)","Total cholesterol (mg/dL)","","Q1","cont",183.265930295499,38.3473444630079,183.55,37.46,"<0.001","<0.001",-0.284069704500837,0.887344463007935
"Total cholesterol (mg/dL)","Total cholesterol (mg/dL)","","Q2","cont",194.521948225265,40.1481850048795,194.32,39.38,"<0.001","<0.001",0.20194822526463,0.768185004879484
"Total cholesterol (mg/dL)","Total cholesterol (mg/dL)","","Q3","cont",196.314105172771,42.8293311948964,196.08,42.12,"<0.001","<0.001",0.234105172771194,0.709331194896386
"Total cholesterol (mg/dL)","Total cholesterol (mg/dL)","","Q4","cont",192.504674798836,43.9404536131389,192.35,42.86,"<0.001","<0.001",0.15467479883614,1.08045361313888
"Average alcohol consumption past 12 months","  (참고) 777/999 코드값 유지 + 단순가중회귀 P (논문 방식)","","Q1","cont",3.23913844487508,18.6682723986011,3.24,18.67,"0.187","0.187",-0.000861555124916702,-0.00172760139891537
"Average alcohol consumption past 12 months","  (참고) 777/999 코드값 유지 + 단순가중회귀 P (논문 방식)","","Q2","cont",4.28501260099072,39.9635705263333,4.29,39.96,"0.187","0.187",-0.00498739900927969,0.00357052633330568
"Average alcohol consumption past 12 months","  (참고) 777/999 코드값 유지 + 단순가중회귀 P (논문 방식)","","Q3","cont",2.98825135988362,20.4902907147885,2.99,20.49,"0.187","0.187",-0.00174864011637554,0.000290714788484081
"Average alcohol consumption past 12 months","  (참고) 777/999 코드값 유지 + 단순가중회귀 P (논문 방식)","","Q4","cont",3.32712636588886,29.64249825101,3.33,29.64,"0.187","0.187",-0.00287363411114416,0.00249825100994983
"PIR","  (참고) 결측 평균 대치 + 단순가중회귀 P (논문 방식)","","Q1","cont",3.08240921801486,1.62188342408972,3.08,1.62,"<0.001","<0.001",0.00240921801486405,0.00188342408972209
"PIR","  (참고) 결측 평균 대치 + 단순가중회귀 P (논문 방식)","","Q2","cont",3.14397696527309,1.58784800864293,3.14,1.59,"<0.001","<0.001",0.003976965273087,-0.00215199135707489
"PIR","  (참고) 결측 평균 대치 + 단순가중회귀 P (논문 방식)","","Q3","cont",2.95597755074602,1.60421317382029,2.96,1.6,"<0.001","<0.001",-0.00402244925397754,0.00421317382029018
"PIR","  (참고) 결측 평균 대치 + 단순가중회귀 P (논문 방식)","","Q4","cont",2.61104014172332,1.5172456793135,2.61,1.52,"<0.001","<0.001",0.00104014172331857,-0.00275432068649994
"Triglycerides (mg/dL)","  (참고) 결측 평균 대치 + 단순가중회귀 P (논문 방식)","","Q1","cont",107.484973285056,63.0360177692808,107.49,63.03,"<0.001","<0.001",-0.00502671494413676,0.00601776928077413
"Triglycerides (mg/dL)","  (참고) 결측 평균 대치 + 단순가중회귀 P (논문 방식)","","Q2","cont",117.447714491643,67.7094637082346,117.45,67.7,"<0.001","<0.001",-0.00228550835666397,0.00946370823463383
"Triglycerides (mg/dL)","  (참고) 결측 평균 대치 + 단순가중회귀 P (논문 방식)","","Q3","cont",124.532071691718,80.2871469546827,124.53,80.28,"<0.001","<0.001",0.00207169171815735,0.00714695468265347
"Triglycerides (mg/dL)","  (참고) 결측 평균 대치 + 단순가중회귀 P (논문 방식)","","Q4","cont",126.965488897646,61.6266273952142,126.97,61.62,"<0.001","<0.001",-0.00451110235383112,0.00662739521416711
"HDL-C (mg/dL)","  (참고) 결측 평균 대치 + 단순가중회귀 P (논문 방식)","","Q1","cont",57.2706838283747,16.2303058731843,57.27,16.23,"<0.001","<0.001",0.000683828374668849,0.000305873184270666
"HDL-C (mg/dL)","  (참고) 결측 평균 대치 + 단순가중회귀 P (논문 방식)","","Q2","cont",54.0032981877928,16.6490788100004,54,16.65,"<0.001","<0.001",0.00329818779277957,-0.000921189999552041
"HDL-C (mg/dL)","  (참고) 결측 평균 대치 + 단순가중회귀 P (논문 방식)","","Q3","cont",52.2204361730321,16.8405420800425,52.22,16.84,"<0.001","<0.001",0.000436173032056786,0.000542080042503557
"HDL-C (mg/dL)","  (참고) 결측 평균 대치 + 단순가중회귀 P (논문 방식)","","Q4","cont",51.2027767111229,14.4116382021068,51.2,14.41,"<0.001","<0.001",0.00277671112293376,0.00163820210677379
"LDL-C (mg/dL)","  (참고) 결측 평균 대치 + 단순가중회귀 P (논문 방식)","","Q1","cont",109.297765913584,22.3744025617664,109.3,22.37,"<0.001","<0.001",-0.00223408641639367,0.00440256176640474
"LDL-C (mg/dL)","  (참고) 결측 평균 대치 + 단순가중회귀 P (논문 방식)","","Q2","cont",113.268250171801,23.7397451259845,113.27,23.74,"<0.001","<0.001",-0.00174982819883951,-0.000254874015478634
"LDL-C (mg/dL)","  (참고) 결측 평균 대치 + 단순가중회귀 P (논문 방식)","","Q3","cont",113.472938878337,24.3232762890284,113.47,24.32,"<0.001","<0.001",0.00293887833697681,0.00327628902837063
"LDL-C (mg/dL)","  (참고) 결측 평균 대치 + 단순가중회귀 P (논문 방식)","","Q4","cont",111.607698886023,24.8762078497213,111.61,24.87,"<0.001","<0.001",-0.0023011139766993,0.00620784972133848
"Total cholesterol (mg/dL)","  (참고) 결측 평균 대치 + 단순가중회귀 P (논문 방식)","","Q1","cont",183.549903678415,37.4588978311254,183.55,37.46,"<0.001","<0.001",-9.632158477757e-05,-0.00110216887460979
"Total cholesterol (mg/dL)","  (참고) 결측 평균 대치 + 단순가중회귀 P (논문 방식)","","Q2","cont",194.322630083859,39.3839396509948,194.32,39.38,"<0.001","<0.001",0.00263008385923058,0.00393965099477356
"Total cholesterol (mg/dL)","  (참고) 결측 평균 대치 + 단순가중회귀 P (논문 방식)","","Q3","cont",196.078783355106,42.1213319790636,196.08,42.12,"<0.001","<0.001",-0.00121664489384443,0.00133197906355775
"Total cholesterol (mg/dL)","  (참고) 결측 평균 대치 + 단순가중회귀 P (논문 방식)","","Q4","cont",192.349717261836,42.8632552377952,192.35,42.86,"<0.001","<0.001",-0.000282738163832619,0.00325523779522285
