"marker","group","median","lower","upper"
"NLR","Q1",1.2,-Inf,1.5
"NLR","Q2",1.75,1.5,2
"NLR","Q3",2.31578947368421,2,2.70588235294118
"NLR","Q4",3.36363636363636,2.70588235294118,Inf
"MLR","Q1",0.178174603174603,-Inf,0.210526315789474
"MLR","Q2",0.241379310344828,0.210526315789474,0.272727272727273
"MLR","Q3",0.3125,0.272727272727273,0.357142857142857
"MLR","Q4",0.4375,0.357142857142857,Inf
"SIRI","Q1",0.541176470588235,-Inf,0.723809523809524
"SIRI","Q2",0.890322580645161,0.723809523809524,1.06666666666667
"SIRI","Q3",1.27777777777778,1.06666666666667,1.575
"SIRI","Q4",2.125,1.575,Inf
"SII","Q1",258.947368421053,-Inf,336.592857142857
"SII","Q2",401.702898550725,336.592857142857,470
"SII","Q3",556.335664335664,470,667.903811252269
"SII","Q4",864.875,667.903811252269,Inf
