"name","bytes","sha256"
"design.csv","432","8C1ADB92806D2CE56F4C1AB0E4B843AEEB5BB94EA189FAD15DF59163F47AC98A"
"execution.log","3396","5CCF3DC4259FCD2A10DFE87F9583BFDF0798ED22DB41C6D4676DC3C201A13531"
"group_analysis_core_snapshot.R","6743","18E25EA2F5795D095E5649D81FB5B1006170018C28DFE47CC5850A45AD273E06"
"initial_plan.txt","1791","FE858278B3B9A63DA5C3ED8B02B360CDC11D703926B3C9767AC420426E574970"
"omnibus_summary.csv","2024","C39AA4D030EB5AF4BB40505D1743AB13178A0B0FFCB54A858FD40090874685D0"
"pairwise_summary.csv","3795","9650D44F7A08E6CAA976C4A0E33A34B1BAFFA20EDF5037507A4320F03CC2A5A3"
"procedure_replicates.rds","568568","B497846A868073BD9FB975B6E58256CEA5D43D784E8DAC8A0BD7C798E6A48428"
"replication_seeds.csv","131608","B810F51E48069143DC142147A1B7E69EA3F2058D7AF8AB3CE3FFD5CFD5B0E10E"
"review.md","10205","5EE9D86589C59D5CC306D276A779F006397BE892CEC9CD3EC6BAAFC3D005D4ED"
"run_parameters.txt","294","EB019C19DD2F257CF1D598300D52C5D423040D57CFCE73F5E3EB2424A845D826"
"sessionInfo.txt","443","644F948EB1A9EC99E7FB3F8EA2ABB0473C5BA972DC2A7DAEE932E2E5D40F3AD3"
"test_log.txt","590","70082ABABF7AEDB87A83E0285F03CB98C3967BB1E1BD31A6264D2C5DA73BB71F"
"warnings.txt","14","AA8F47FF14617F2BA382E8FF880B53074FFA256BEF9251ECB6BF4F4590C53AA4"
