"simulation","scenario_id","scenario","B","method","family_size","m0","m1","alpha","endpoint_note","FWER_estimate","FWER_mcse","FWER_lower95","FWER_upper95","FDR_estimate","FDR_mcse","FDR_lower95","FDR_upper95","power_estimate","power_mcse","power_lower95","power_upper95","any_discovery_estimate","any_discovery_mcse","any_discovery_lower95","any_discovery_upper95"
TRUE,1,"normal_equal_null",2000,"unadjusted",6,6,0,0.05,"six_true_mean_nulls",0.2105,0.00911563903409958,0.193197168496949,0.228912801878896,0.2105,0.00911563903409958,0.193197168496949,0.228912801878896,NA,NA,NA,NA,0.2105,0.00911563903409958,0.193197168496949,0.228912801878896
TRUE,1,"normal_equal_null",2000,"bonferroni",6,6,0,0.05,"six_true_mean_nulls",0.04,0.00438178046004133,0.0322567469399812,0.0495069365587715,0.04,0.00438178046004133,0.0322567469399812,0.0495069365587715,NA,NA,NA,NA,0.04,0.00438178046004133,0.0322567469399812,0.0495069365587715
TRUE,1,"normal_equal_null",2000,"BH",6,6,0,0.05,"six_true_mean_nulls",0.0455,0.00465992220965114,0.0372052713502014,0.0555373246284575,0.0455,0.00465992220965114,0.0372052713502014,0.0555373246284575,NA,NA,NA,NA,0.0455,0.00465992220965114,0.0372052713502014,0.0555373246284575
TRUE,2,"normal_hetero_equal_mean",2000,"unadjusted",6,6,0,0.05,"six_true_mean_nulls",0.1925,0.00881600107758614,0.175816955479774,0.210362028598196,0.1925,0.00881600107758614,0.175816955479774,0.210362028598196,NA,NA,NA,NA,0.1925,0.00881600107758614,0.175816955479774,0.210362028598196
TRUE,2,"normal_hetero_equal_mean",2000,"bonferroni",6,6,0,0.05,"six_true_mean_nulls",0.036,0.00416557318985035,0.0286846067227837,0.045094413154219,0.036,0.00416557318985035,0.0286846067227837,0.045094413154219,NA,NA,NA,NA,0.036,0.00416557318985035,0.0286846067227837,0.045094413154219
TRUE,2,"normal_hetero_equal_mean",2000,"BH",6,6,0,0.05,"six_true_mean_nulls",0.0405,0.00440793318914886,0.0327049433144033,0.0500568231370682,0.0405,0.00440793318914886,0.0327049433144033,0.0500568231370682,NA,NA,NA,NA,0.0405,0.00440793318914886,0.0327049433144033,0.0500568231370682
TRUE,3,"lognormal_identical_null",2000,"unadjusted",6,6,0,0.05,"six_true_mean_nulls",0.1625,0.00824905297594821,0.146981708319167,0.179312298595679,0.1625,0.00824905297594821,0.146981708319167,0.179312298595679,NA,NA,NA,NA,0.1625,0.00824905297594821,0.146981708319167,0.179312298595679
TRUE,3,"lognormal_identical_null",2000,"bonferroni",6,6,0,0.05,"six_true_mean_nulls",0.013,0.00253288373203351,0.00888689553473731,0.018980308517203,0.013,0.00253288373203351,0.00888689553473731,0.018980308517203,NA,NA,NA,NA,0.013,0.00253288373203351,0.00888689553473731,0.018980308517203
TRUE,3,"lognormal_identical_null",2000,"BH",6,6,0,0.05,"six_true_mean_nulls",0.0155,0.00276222283677476,0.0109409729337041,0.02191664588183,0.0155,0.00276222283677476,0.0109409729337041,0.02191664588183,NA,NA,NA,NA,0.0155,0.00276222283677476,0.0109409729337041,0.02191664588183
TRUE,4,"normal_mean_alternative",2000,"unadjusted",6,0,6,0.05,"all_six_mean_nulls_false_FWER_structurally_zero",0,0,1.0842021724855e-19,0.00191704728125293,0,0,0,0,0.2705,0.00467804985101031,0.261331190774137,0.279668809225863,0.753,0.00964341744403922,0.733626133751818,0.771403840323868
TRUE,4,"normal_mean_alternative",2000,"bonferroni",6,0,6,0.05,"all_six_mean_nulls_false_FWER_structurally_zero",0,0,1.0842021724855e-19,0.00191704728125293,0,0,0,0,0.112083333333333,0.00339660590299708,0.105426108093783,0.118740558572884,0.4265,0.0110588821767844,0.404986219756836,0.448295586193508
TRUE,4,"normal_mean_alternative",2000,"BH",6,0,6,0.05,"all_six_mean_nulls_false_FWER_structurally_zero",0,0,1.0842021724855e-19,0.00191704728125293,0,0,0,0,0.15825,0.00460783467322162,0.149218809993771,0.167281190006229,0.4495,0.0111231683885483,0.427816493102322,0.471377128673085
