"design_id","simulation","B","seed","k","rho","scenario","m0","m1","n","alpha","method","FWER_estimate","FWER_mcse","FWER_lower95","FWER_upper95","FDR_estimate","FDR_mcse","FDR_lower95","FDR_upper95","power_estimate","power_mcse","power_lower95","power_upper95","independent_raw_FWER_theory","theory_minus_estimate"
1,TRUE,10000,20260929,1,0,"global_null",1,0,30,0.05,"unadjusted",0.0497,0.00217324434889407,0.0456107427311713,0.05413508620146,0.0497,0.00217324434889407,0.0456107427311713,0.05413508620146,NA,NA,NA,NA,0.05,0.000300000000000043
1,TRUE,10000,20260929,1,0,"global_null",1,0,30,0.05,"bonferroni",0.0497,0.00217324434889407,0.0456107427311713,0.05413508620146,0.0497,0.00217324434889407,0.0456107427311713,0.05413508620146,NA,NA,NA,NA,NA,NA
1,TRUE,10000,20260929,1,0,"global_null",1,0,30,0.05,"BH",0.0497,0.00217324434889407,0.0456107427311713,0.05413508620146,0.0497,0.00217324434889407,0.0456107427311713,0.05413508620146,NA,NA,NA,NA,NA,NA
2,TRUE,10000,20260930,5,0,"global_null",5,0,30,0.05,"unadjusted",0.2192,0.00413704435557561,0.211200208720805,0.227415444764166,0.2192,0.00413704435557561,0.211200208720805,0.227415444764166,NA,NA,NA,NA,0.2262190625,0.00701906250000023
2,TRUE,10000,20260930,5,0,"global_null",5,0,30,0.05,"bonferroni",0.05,0.00217944947177034,0.0458984826905848,0.0544471158430242,0.05,0.00217944947177034,0.0458984826905848,0.0544471158430242,NA,NA,NA,NA,NA,NA
2,TRUE,10000,20260930,5,0,"global_null",5,0,30,0.05,"BH",0.0509,0.00219793516737869,0.0467619559572859,0.0553829513792558,0.0509,0.00219793516737869,0.0467619559572859,0.0553829513792558,NA,NA,NA,NA,NA,NA
3,TRUE,10000,20260931,10,0,"global_null",10,0,30,0.05,"unadjusted",0.4008,0.00490060567685261,0.391234850790337,0.410441334486405,0.4008,0.00490060567685261,0.391234850790337,0.410441334486405,NA,NA,NA,NA,0.401263060761621,0.000463060761621337
3,TRUE,10000,20260931,10,0,"global_null",10,0,30,0.05,"bonferroni",0.0479,0.00213554653426237,0.043885215617064,0.0522619957097018,0.0479,0.00213554653426237,0.043885215617064,0.0522619957097018,NA,NA,NA,NA,NA,NA
3,TRUE,10000,20260931,10,0,"global_null",10,0,30,0.05,"BH",0.0486,0.00215030323442997,0.0445560655083166,0.0529906082207302,0.0486,0.00215030323442997,0.0445560655083166,0.0529906082207302,NA,NA,NA,NA,NA,NA
4,TRUE,10000,20260932,20,0,"global_null",20,0,30,0.05,"unadjusted",0.642,0.00479412140021506,0.632550812961312,0.651340131501416,0.642,0.00479412140021506,0.632550812961312,0.651340131501416,NA,NA,NA,NA,0.641514077591458,-0.00048592240854195
4,TRUE,10000,20260932,20,0,"global_null",20,0,30,0.05,"bonferroni",0.0492,0.00216285367050108,0.0451312715005723,0.0536149414304298,0.0492,0.00216285367050108,0.0451312715005723,0.0536149414304298,NA,NA,NA,NA,NA,NA
4,TRUE,10000,20260932,20,0,"global_null",20,0,30,0.05,"BH",0.0509,0.00219793516737869,0.0467619559572859,0.0553829513792558,0.0509,0.00219793516737869,0.0467619559572859,0.0553829513792558,NA,NA,NA,NA,NA,NA
5,TRUE,10000,20260933,50,0,"global_null",50,0,30,0.05,"unadjusted",0.9266,0.00260791947728453,0.92132311470593,0.931549257884209,0.9266,0.00260791947728453,0.92132311470593,0.931549257884209,NA,NA,NA,NA,0.923055024723287,-0.00354497527671316
5,TRUE,10000,20260933,50,0,"global_null",50,0,30,0.05,"bonferroni",0.0483,0.00214399416976819,0.0442685286446095,0.0526783754834597,0.0483,0.00214399416976819,0.0442685286446095,0.0526783754834597,NA,NA,NA,NA,NA,NA
5,TRUE,10000,20260933,50,0,"global_null",50,0,30,0.05,"BH",0.05,0.00217944947177034,0.0458984826905848,0.0544471158430242,0.05,0.00217944947177034,0.0458984826905848,0.0544471158430242,NA,NA,NA,NA,NA,NA
6,TRUE,10000,20260934,100,0,"global_null",100,0,30,0.05,"unadjusted",0.9945,0.00073957758213726,0.992848458867667,0.995771766743733,0.9945,0.00073957758213726,0.992848458867667,0.995771766743733,NA,NA,NA,NA,0.994079470779666,-0.000420529220334087
6,TRUE,10000,20260934,100,0,"global_null",100,0,30,0.05,"bonferroni",0.0556,0.00229147637997864,0.0512770586358979,0.0602642391159594,0.0556,0.00229147637997864,0.0512770586358979,0.0602642391159594,NA,NA,NA,NA,NA,NA
6,TRUE,10000,20260934,100,0,"global_null",100,0,30,0.05,"BH",0.0573,0.00232414952186816,0.052912449886274,0.062027542271123,0.0573,0.00232414952186816,0.052912449886274,0.062027542271123,NA,NA,NA,NA,NA,NA
7,TRUE,10000,20260935,1,0.5,"global_null",1,0,30,0.05,"unadjusted",0.0501,0.00218151300706643,0.0459944054659201,0.0545511162680147,0.0501,0.00218151300706643,0.0459944054659201,0.0545511162680147,NA,NA,NA,NA,NA,NA
7,TRUE,10000,20260935,1,0.5,"global_null",1,0,30,0.05,"bonferroni",0.0501,0.00218151300706643,0.0459944054659201,0.0545511162680147,0.0501,0.00218151300706643,0.0459944054659201,0.0545511162680147,NA,NA,NA,NA,NA,NA
7,TRUE,10000,20260935,1,0.5,"global_null",1,0,30,0.05,"BH",0.0501,0.00218151300706643,0.0459944054659201,0.0545511162680147,0.0501,0.00218151300706643,0.0459944054659201,0.0545511162680147,NA,NA,NA,NA,NA,NA
8,TRUE,10000,20260936,5,0.5,"global_null",5,0,30,0.05,"unadjusted",0.1578,0.00364553370578301,0.150786453019434,0.165076355465458,0.1578,0.00364553370578301,0.150786453019434,0.165076355465458,NA,NA,NA,NA,NA,NA
8,TRUE,10000,20260936,5,0.5,"global_null",5,0,30,0.05,"bonferroni",0.0371,0.00189006851727656,0.0335697349886415,0.0409857707029309,0.0371,0.00189006851727656,0.0335697349886415,0.0409857707029309,NA,NA,NA,NA,NA,NA
8,TRUE,10000,20260936,5,0.5,"global_null",5,0,30,0.05,"BH",0.0407,0.00197594306598141,0.0370003221080792,0.0447524187952243,0.0407,0.00197594306598141,0.0370003221080792,0.0447524187952243,NA,NA,NA,NA,NA,NA
9,TRUE,10000,20260937,10,0.5,"global_null",10,0,30,0.05,"unadjusted",0.2431,0.00428954997639613,0.234792321230318,0.251604977132536,0.2431,0.00428954997639613,0.234792321230318,0.251604977132536,NA,NA,NA,NA,NA,NA
9,TRUE,10000,20260937,10,0.5,"global_null",10,0,30,0.05,"bonferroni",0.0344,0.0018225432779498,0.0310028839693623,0.0381546953134117,0.0344,0.0018225432779498,0.0310028839693623,0.0381546953134117,NA,NA,NA,NA,NA,NA
9,TRUE,10000,20260937,10,0.5,"global_null",10,0,30,0.05,"BH",0.0378,0.00190712243969809,0.0342360983722694,0.0417188697215841,0.0378,0.00190712243969809,0.0342360983722694,0.0417188697215841,NA,NA,NA,NA,NA,NA
10,TRUE,10000,20260938,20,0.5,"global_null",20,0,30,0.05,"unadjusted",0.335,0.00471990466005406,0.325814075894939,0.344312643567384,0.335,0.00471990466005406,0.325814075894939,0.344312643567384,NA,NA,NA,NA,NA,NA
10,TRUE,10000,20260938,20,0.5,"global_null",20,0,30,0.05,"bonferroni",0.0315,0.00174664678741868,0.0282524710392917,0.0351073354340322,0.0315,0.00174664678741868,0.0282524710392917,0.0351073354340322,NA,NA,NA,NA,NA,NA
10,TRUE,10000,20260938,20,0.5,"global_null",20,0,30,0.05,"BH",0.0371,0.00189006851727656,0.0335697349886415,0.0409857707029309,0.0371,0.00189006851727656,0.0335697349886415,0.0409857707029309,NA,NA,NA,NA,NA,NA
11,TRUE,10000,20260939,50,0.5,"global_null",50,0,30,0.05,"unadjusted",0.4719,0.00499209765529482,0.462128331555559,0.481693249152873,0.4719,0.00499209765529482,0.462128331555559,0.481693249152873,NA,NA,NA,NA,NA,NA
11,TRUE,10000,20260939,50,0.5,"global_null",50,0,30,0.05,"bonferroni",0.0285,0.0016639636414297,0.0254153498126259,0.0319467606509222,0.0285,0.0016639636414297,0.0254153498126259,0.0319467606509222,NA,NA,NA,NA,NA,NA
11,TRUE,10000,20260939,50,0.5,"global_null",50,0,30,0.05,"BH",0.035,0.00183779759494891,0.031572809892696,0.0387843085920333,0.035,0.00183779759494891,0.031572809892696,0.0387843085920333,NA,NA,NA,NA,NA,NA
12,TRUE,10000,20260940,100,0.5,"global_null",100,0,30,0.05,"unadjusted",0.562,0.00496141108959941,0.552253843117963,0.571698541084074,0.562,0.00496141108959941,0.552253843117963,0.571698541084074,NA,NA,NA,NA,NA,NA
12,TRUE,10000,20260940,100,0.5,"global_null",100,0,30,0.05,"bonferroni",0.025,0.0015612494995996,0.0221175615855244,0.0282472368666183,0.025,0.0015612494995996,0.0221175615855244,0.0282472368666183,NA,NA,NA,NA,NA,NA
12,TRUE,10000,20260940,100,0.5,"global_null",100,0,30,0.05,"BH",0.031,0.0017331762749357,0.0277790128565555,0.0345811776151391,0.031,0.0017331762749357,0.0277790128565555,0.0345811776151391,NA,NA,NA,NA,NA,NA
13,TRUE,10000,20260941,5,0,"mixed",4,1,30,0.05,"unadjusted",0.1879,0.0039063229513188,0.180364125613591,0.195675566169385,0.109975,0.00241188169724363,0.105247798738431,0.114702201261569,0.8619,0.00345022164548023,0.855137689836178,0.868662310163822,NA,NA
13,TRUE,10000,20260941,5,0,"mixed",4,1,30,0.05,"bonferroni",0.0415,0.00199443601050523,0.037763827388616,0.0455882991172945,0.0285166666666667,0.00145573681239663,0.0256634749434001,0.0313698583899332,0.6583,0.00474303285209618,0.649003826432401,0.667596173567599,NA,NA
13,TRUE,10000,20260941,5,0,"mixed",4,1,30,0.05,"BH",0.0703,0.00255651931344162,0.0654525638454922,0.0754774443542673,0.041525,0.00158892885523257,0.0384107566697477,0.0446392433302523,0.6661,0.004716280667044,0.656856259751611,0.675343740248389,NA,NA
14,TRUE,10000,20260942,10,0,"mixed",8,2,30,0.05,"unadjusted",0.3424,0.00474512634183749,0.333161830292583,0.351759205993854,0.142106666666667,0.00210241141656136,0.137986016009521,0.146227317323813,0.8657,0.00239309918147352,0.86100961179288,0.87039038820712,NA,NA
14,TRUE,10000,20260942,10,0,"mixed",8,2,30,0.05,"bonferroni",0.0402,0.00196428002077097,0.0365233362605783,0.0442297886410959,0.0219666666666667,0.00117032529642971,0.0196728712354683,0.0242604620978651,0.5675,0.00350508253260263,0.560630164473258,0.574369835526742,NA,NA
14,TRUE,10000,20260942,10,0,"mixed",8,2,30,0.05,"BH",0.0941,0.00291967789319301,0.0885323775448461,0.0999793523324692,0.0406433333333333,0.00134481866574062,0.0380075371827445,0.0432791294839221,0.63695,0.00369639501184713,0.629705198904146,0.644194801095854,NA,NA
15,TRUE,10000,20260943,20,0,"mixed",16,4,30,0.05,"unadjusted",0.5584,0.00496577728054733,0.548646672887936,0.568108476102369,0.161693134920635,0.00161818035859348,0.158521559697302,0.164864710143968,0.8618,0.00174366855738234,0.858382472426556,0.865217527573444,NA,NA
15,TRUE,10000,20260943,20,0,"mixed",16,4,30,0.05,"bonferroni",0.0411,0.00198521510169553,0.037382024827491,0.045170408877116,0.01738,0.000937969665962062,0.0155416132361233,0.0192183867638767,0.46935,0.00248805683067716,0.464473498220384,0.474226501779616,NA,NA
15,TRUE,10000,20260943,20,0,"mixed",16,4,30,0.05,"BH",0.1366,0.00343424576872419,0.130008392832673,0.143470697183134,0.040055119047619,0.00107878775303609,0.0379407339047054,0.0421695041905327,0.609875,0.00284832138828699,0.604292392662562,0.615457607337438,NA,NA
16,TRUE,10000,20260944,50,0,"mixed",40,10,30,0.05,"unadjusted",0.8718,0.00334312368900703,0.865104530024487,0.878209928787078,0.176390886855233,0.00105254580120775,0.174327934992787,0.178453838717679,0.86397,0.00108637099104911,0.861840751983695,0.866099248016305,NA,NA
16,TRUE,10000,20260944,50,0,"mixed",40,10,30,0.05,"bonferroni",0.0383,0.00191919540432964,0.0347122838542385,0.0422423002412443,0.00951642857142857,0.000523441973766127,0.0084905011548504,0.0105423559880067,0.36125,0.00153615745546243,0.358239186712711,0.364260813287289,NA,NA
16,TRUE,10000,20260944,50,0,"mixed",40,10,30,0.05,"BH",0.2492,0.00432549835279127,0.240819566592876,0.257773046989856,0.0397915759240759,0.000754729952791811,0.0383123323985504,0.0412708194496015,0.60154,0.00195584901629381,0.597706606368866,0.605373393631134,NA,NA
17,TRUE,10000,20260945,100,0,"mixed",80,20,30,0.05,"unadjusted",0.9868,0.00114130451677017,0.984368784942352,0.988857354243957,0.184015385568499,0.000752544624285972,0.182540425208139,0.185490345928858,0.86321,0.000769583534050455,0.861701643990166,0.864718356009834,NA,NA
17,TRUE,10000,20260945,100,0,"mixed",80,20,30,0.05,"bonferroni",0.0374,0.0018973992726888,0.0338552764822138,0.0412999988103362,0.00636901265401265,0.000360417128901387,0.00566260806195461,0.0070754172460707,0.289655,0.0010116202029633,0.287672260836159,0.291637739163841,NA,NA
17,TRUE,10000,20260945,100,0,"mixed",80,20,30,0.05,"BH",0.4025,0.00490401621122932,0.39292751737009,0.412147362312192,0.0399176940427134,0.000553360929700043,0.0388331265500497,0.0410022615353771,0.597265,0.00138373351818366,0.594552932140159,0.599977067859841,NA,NA
18,TRUE,10000,20260946,5,0.5,"mixed",4,1,30,0.05,"unadjusted",0.1397,0.00346675511105126,0.13304353543799,0.14663317378792,0.079015,0.00199955523378241,0.0750959437566879,0.0829340562433121,0.8693,0.00337088820472125,0.862693180522835,0.875906819477165,NA,NA
18,TRUE,10000,20260946,5,0.5,"mixed",4,1,30,0.05,"bonferroni",0.0354,0.00184788636014231,0.0319529181589372,0.0392038931270955,0.0194733333333333,0.00103735662237598,0.0174401517143523,0.0215065149523144,0.6667,0.00471416305756741,0.657460410189919,0.675939589810081,NA,NA
18,TRUE,10000,20260946,5,0.5,"mixed",4,1,30,0.05,"BH",0.0651,0.00246702229418382,0.0604297708685671,0.0701042309142474,0.037615,0.00145360384581932,0.0347659888144052,0.0404640111855948,0.6682,0.00470883141653329,0.658970860014324,0.677429139985676,NA,NA
19,TRUE,10000,20260947,10,0.5,"mixed",8,2,30,0.05,"unadjusted",0.2198,0.0041411104790865,0.211792014158322,0.228023178528605,0.0973987301587302,0.00193825646558513,0.0935998172933814,0.101197643024079,0.8692,0.00268418637312102,0.86393909138089,0.87446090861911,NA,NA
19,TRUE,10000,20260947,10,0.5,"mixed",8,2,30,0.05,"bonferroni",0.0321,0.00176265680153568,0.0288209224467939,0.0357384232284853,0.0124978571428571,0.000714262953389084,0.0110979274787233,0.013897786806991,0.57045,0.0040469516344717,0.56251812054926,0.57838187945074,NA,NA
19,TRUE,10000,20260947,10,0.5,"mixed",8,2,30,0.05,"BH",0.0827,0.00275428230216149,0.0774606067264754,0.0882598783136913,0.0369073809523809,0.0012923017006359,0.0343745161619747,0.0394402457427872,0.631,0.00419710156729101,0.622773832088653,0.639226167911347,NA,NA
20,TRUE,10000,20260948,20,0.5,"mixed",16,4,30,0.05,"unadjusted",0.3096,0.00462328714228307,0.300613081951598,0.318733144627956,0.106346823781653,0.00181145258199357,0.102796441961244,0.109897205602063,0.8613,0.0023101438648854,0.856772201225718,0.865827798774282,NA,NA
20,TRUE,10000,20260948,20,0.5,"mixed",16,4,30,0.05,"bonferroni",0.0264,0.00160321676637939,0.0234349585263643,0.0297287647303405,0.00667722222222222,0.000430504189690136,0.00583344951523596,0.00752099492920849,0.472925,0.00353515475890617,0.465996223992769,0.479853776007231,NA,NA
20,TRUE,10000,20260948,20,0.5,"mixed",16,4,30,0.05,"BH",0.1062,0.00308093427388511,0.100311964346595,0.11239047277015,0.0353673379243735,0.001154986961952,0.0331036050763343,0.0376310707724128,0.59705,0.00387680702553936,0.589451597854931,0.604648402145069,NA,NA
21,TRUE,10000,20260949,50,0.5,"mixed",40,10,30,0.05,"unadjusted",0.4357,0.00495848273164282,0.426008078264842,0.445441303925627,0.113301350260106,0.00171914894996814,0.109931880234109,0.116670820286103,0.86047,0.00206069467807718,0.856431112647835,0.864508887352165,NA,NA
21,TRUE,10000,20260949,50,0.5,"mixed",40,10,30,0.05,"bonferroni",0.0241,0.00153359675273522,0.0212719764325573,0.0272935132166526,0.00353862095633835,0.000260517793085402,0.0030280154645591,0.00404922644811759,0.36015,0.00301337116707834,0.354243901040475,0.366056098959525,NA,NA
21,TRUE,10000,20260949,50,0.5,"mixed",40,10,30,0.05,"BH",0.156,0.00362855343077651,0.149020400094386,0.16324379078464,0.035460965791957,0.00105715046054594,0.033388988963047,0.037532942620867,0.57144,0.00369442790155011,0.564199054369482,0.578680945630518,NA,NA
22,TRUE,10000,20260950,100,0.5,"mixed",80,20,30,0.05,"unadjusted",0.5268,0.00499281243388934,0.517005849912381,0.536573567774951,0.114457846169283,0.00168558521665923,0.111154159851757,0.117761532486808,0.86245,0.00189872595864348,0.858728565504548,0.866171434495453,NA,NA
22,TRUE,10000,20260950,100,0.5,"mixed",80,20,30,0.05,"bonferroni",0.0229,0.00149584725156013,0.0201462421562277,0.0260201690890719,0.00197135266113241,0.000156527875881379,0.00166456366182835,0.00227814166043647,0.291175,0.00270178032030547,0.285879607878062,0.296470392121938,NA,NA
22,TRUE,10000,20260950,100,0.5,"mixed",80,20,30,0.05,"BH",0.201,0.00400748050525514,0.193260966969966,0.208968664055698,0.0359348032166185,0.00104745340944052,0.0338818322586314,0.0379877741746056,0.562465,0.003630861563468,0.555348642102752,0.569581357897248,NA,NA
