"marker","method","n","p"
"NLR","ANOVA",9786,4.98847721873235e-56
"NLR","Welch",9786,6.68716869932391e-47
"NLR","Kruskal-Wallis",9786,9.41819967785923e-39
"MLR","ANOVA",9786,3.03668015248514e-33
"MLR","Welch",9786,2.0149900098086e-31
"MLR","Kruskal-Wallis",9786,1.56573079499642e-20
"SIRI","ANOVA",9786,1.66312003573718e-60
"SIRI","Welch",9786,2.68497499980837e-54
"SIRI","Kruskal-Wallis",9786,2.32061761414326e-54
"SII","ANOVA",9786,5.27349411903706e-26
"SII","Welch",9786,8.34558197985895e-28
"SII","Kruskal-Wallis",9786,9.98872118469896e-18
