"marker","moderator","level","n","events","non_events","pooled_n","OR","low","high","status"
"NLR","age_group","LT65",5567,502,5065,9952,NA,NA,NA,"non-estimable"
"NLR","age_group","GE65",4385,779,3606,9952,NA,NA,NA,"non-estimable"
"NLR","sex","1",5160,605,4555,9952,NA,NA,NA,"non-estimable"
"NLR","sex","2",4792,676,4116,9952,NA,NA,NA,"non-estimable"
"NLR","bmi","LT25",2583,254,2329,9952,NA,NA,NA,"non-estimable"
"NLR","bmi","25_LT30",3761,380,3381,9952,NA,NA,NA,"non-estimable"
"NLR","bmi","GE30",3608,647,2961,9952,NA,NA,NA,"non-estimable"
"NLR","activity","Low",5248,919,4329,9952,NA,NA,NA,"non-estimable"
"NLR","activity","Moderate",3198,309,2889,9952,NA,NA,NA,"non-estimable"
"NLR","activity","Vigorous",1506,53,1453,9952,NA,NA,NA,"non-estimable"
"NLR","smoking","No",4761,514,4247,9952,NA,NA,NA,"non-estimable"
"NLR","smoking","Yes",5191,767,4424,9952,NA,NA,NA,"non-estimable"
"NLR","alcohol","No",3034,477,2557,9952,NA,NA,NA,"non-estimable"
"NLR","alcohol","Yes",6918,804,6114,9952,NA,NA,NA,"non-estimable"
"MLR","age_group","LT65",5567,502,5065,9952,NA,NA,NA,"non-estimable"
"MLR","age_group","GE65",4385,779,3606,9952,NA,NA,NA,"non-estimable"
"MLR","sex","1",5160,605,4555,9952,NA,NA,NA,"non-estimable"
"MLR","sex","2",4792,676,4116,9952,NA,NA,NA,"non-estimable"
"MLR","bmi","LT25",2583,254,2329,9952,NA,NA,NA,"non-estimable"
"MLR","bmi","25_LT30",3761,380,3381,9952,NA,NA,NA,"non-estimable"
"MLR","bmi","GE30",3608,647,2961,9952,NA,NA,NA,"non-estimable"
"MLR","activity","Low",5248,919,4329,9952,NA,NA,NA,"non-estimable"
"MLR","activity","Moderate",3198,309,2889,9952,NA,NA,NA,"non-estimable"
"MLR","activity","Vigorous",1506,53,1453,9952,NA,NA,NA,"non-estimable"
"MLR","smoking","No",4761,514,4247,9952,NA,NA,NA,"non-estimable"
"MLR","smoking","Yes",5191,767,4424,9952,NA,NA,NA,"non-estimable"
"MLR","alcohol","No",3034,477,2557,9952,NA,NA,NA,"non-estimable"
"MLR","alcohol","Yes",6918,804,6114,9952,NA,NA,NA,"non-estimable"
"SIRI","age_group","LT65",5567,502,5065,9952,NA,NA,NA,"non-estimable"
"SIRI","age_group","GE65",4385,779,3606,9952,NA,NA,NA,"non-estimable"
"SIRI","sex","1",5160,605,4555,9952,NA,NA,NA,"non-estimable"
"SIRI","sex","2",4792,676,4116,9952,NA,NA,NA,"non-estimable"
"SIRI","bmi","LT25",2583,254,2329,9952,NA,NA,NA,"non-estimable"
"SIRI","bmi","25_LT30",3761,380,3381,9952,NA,NA,NA,"non-estimable"
"SIRI","bmi","GE30",3608,647,2961,9952,NA,NA,NA,"non-estimable"
"SIRI","activity","Low",5248,919,4329,9952,NA,NA,NA,"non-estimable"
"SIRI","activity","Moderate",3198,309,2889,9952,NA,NA,NA,"non-estimable"
"SIRI","activity","Vigorous",1506,53,1453,9952,NA,NA,NA,"non-estimable"
"SIRI","smoking","No",4761,514,4247,9952,NA,NA,NA,"non-estimable"
"SIRI","smoking","Yes",5191,767,4424,9952,NA,NA,NA,"non-estimable"
"SIRI","alcohol","No",3034,477,2557,9952,NA,NA,NA,"non-estimable"
"SIRI","alcohol","Yes",6918,804,6114,9952,NA,NA,NA,"non-estimable"
"SII","age_group","LT65",5567,502,5065,9952,NA,NA,NA,"non-estimable"
"SII","age_group","GE65",4385,779,3606,9952,NA,NA,NA,"non-estimable"
"SII","sex","1",5160,605,4555,9952,NA,NA,NA,"non-estimable"
"SII","sex","2",4792,676,4116,9952,NA,NA,NA,"non-estimable"
"SII","bmi","LT25",2583,254,2329,9952,NA,NA,NA,"non-estimable"
"SII","bmi","25_LT30",3761,380,3381,9952,NA,NA,NA,"non-estimable"
"SII","bmi","GE30",3608,647,2961,9952,NA,NA,NA,"non-estimable"
"SII","activity","Low",5248,919,4329,9952,NA,NA,NA,"non-estimable"
"SII","activity","Moderate",3198,309,2889,9952,NA,NA,NA,"non-estimable"
"SII","activity","Vigorous",1506,53,1453,9952,NA,NA,NA,"non-estimable"
"SII","smoking","No",4761,514,4247,9952,NA,NA,NA,"non-estimable"
"SII","smoking","Yes",5191,767,4424,9952,NA,NA,NA,"non-estimable"
"SII","alcohol","No",3034,477,2557,9952,NA,NA,NA,"non-estimable"
"SII","alcohol","Yes",6918,804,6114,9952,NA,NA,NA,"non-estimable"
