"model","marker","contrast","n","beta","se","OR","low","high","OR_doubling","p","df","status","p_BH","p_holm"
"M1_large","NLR","Q2/Q1",13252,0.00791156935890967,0.110997356913021,1.00794294852199,0.80931756593348,1.25531562669518,NA,0.943280415901618,138,"estimable",0.943280415901618,1
"M1_large","NLR","Q3/Q1",13252,0.12208425144241,0.103612360127738,1.12984928920274,0.920545513473844,1.38674231488525,NA,0.240713254415262,138,"estimable",0.320951005887016,1
"M1_large","NLR","Q4/Q1",13252,0.641307206615609,0.104132227303468,1.89896159270599,1.54559072681904,2.33312420164039,NA,7.53829079537105e-09,138,"estimable",4.52297447722263e-08,8.29211987490815e-08
"M1_large","MLR","Q2/Q1",13252,-0.237116170647183,0.118823422037576,0.788899635712816,0.623712256781023,0.997836147135899,NA,0.047953398271153,138,"estimable",0.095906796542306,0.335673787898071
"M1_large","MLR","Q3/Q1",13252,0.0658609408906799,0.103594216648839,1.06807818083806,0.870248678672529,1.31087932488733,NA,0.525986515037075,138,"estimable",0.573803470949537,1
"M1_large","MLR","Q4/Q1",13252,0.373965085374364,0.123006068448814,1.45348640163734,1.13967684228356,1.85370329672718,NA,0.00282936411963407,138,"estimable",0.00848809235890222,0.0254642770767067
"M1_large","SIRI","Q2/Q1",13252,0.170829275278299,0.105006067048266,1.18628820300908,0.963869282116126,1.46003169382979,NA,0.106049907174955,138,"estimable",0.181799840871352,0.636299443049733
"M1_large","SIRI","Q3/Q1",13252,0.285256125571006,0.105985390952755,1.33010265780035,1.07862905001862,1.64020529602556,NA,0.00799389944314842,138,"estimable",0.0191853586635562,0.0639511955451874
"M1_large","SIRI","Q4/Q1",13252,0.883582673658833,0.104834865096671,2.41955266439634,1.96657278285984,2.97687181822685,NA,4.1309419678076e-14,138,"estimable",4.95713036136912e-13,4.95713036136912e-13
"M1_large","SII","Q2/Q1",13252,-0.0991332445153248,0.107407008403641,0.905622030815376,0.732340651280448,1.1199040518428,NA,0.357634734760324,138,"estimable",0.429161681712389,1
"M1_large","SII","Q3/Q1",13252,-0.129449936478349,0.101989121285679,0.878578572052613,0.718123738351932,1.07488482283219,NA,0.206487506989051,138,"estimable",0.309731260483577,1
"M1_large","SII","Q4/Q1",13252,0.395658738589505,0.11316487419647,1.48536233420412,1.18755602173016,1.85785026011483,NA,0.000634936616066577,138,"estimable",0.00253974646426631,0.00634936616066577
"Unadjusted_matched","NLR","Q2/Q1",10874,-0.0231398673433333,0.108648232017297,0.977125806224518,0.788226021177636,1.21129576484096,NA,0.831657100776348,138,"estimable",0.907262291756016,1
"Unadjusted_matched","NLR","Q3/Q1",10874,0.0789703368490962,0.126302924260251,1.08217222095631,0.84301638666398,1.38917432013846,NA,0.532842490318028,138,"estimable",0.639410988381633,1
"Unadjusted_matched","NLR","Q4/Q1",10874,0.676767711429235,0.11240905261344,1.96750788992655,1.57538690100301,2.45722958243375,NA,1.48673950572134e-08,138,"estimable",8.92043703432804e-08,1.63541345629347e-07
"Unadjusted_matched","MLR","Q2/Q1",10874,-0.388611345046098,0.130930360548831,0.67799772598886,0.523352309005922,0.878339329999714,NA,0.00353396014950443,138,"estimable",0.0106018804485133,0.0318056413455398
"Unadjusted_matched","MLR","Q3/Q1",10874,0.00606916457831223,0.113162546861356,1.00608761927362,0.804376737834945,1.25838086812422,NA,0.957305706128381,138,"estimable",0.957305706128381,1
"Unadjusted_matched","MLR","Q4/Q1",10874,0.512181735277794,0.130698636239231,1.6689283857447,1.28885065859823,2.16108975711255,NA,0.00013950325044313,138,"estimable",0.000558013001772518,0.0013950325044313
"Unadjusted_matched","SIRI","Q2/Q1",10874,0.0901070694777362,0.120176701386057,1.09429144264628,0.862846261664256,1.38781821820633,NA,0.454658624680111,138,"estimable",0.606211499573481,1
"Unadjusted_matched","SIRI","Q3/Q1",10874,0.26674772155253,0.12029204575211,1.30571100203212,1.02931530977667,1.65632552497214,NA,0.0282244423724827,138,"estimable",0.0564488847449653,0.221652767690659
"Unadjusted_matched","SIRI","Q4/Q1",10874,0.902579323566005,0.114971810241459,2.46595541222272,1.96451452935008,3.09538871014727,NA,1.03730052568898e-12,138,"estimable",1.24476063082678e-11,1.24476063082678e-11
"Unadjusted_matched","SII","Q2/Q1",10874,-0.213559355872038,0.11961030831277,0.807704216739582,0.637586552739691,1.02321182737562,NA,0.0763832273863005,138,"estimable",0.114574841079451,0.381916136931502
"Unadjusted_matched","SII","Q3/Q1",10874,-0.217952860896443,0.114006977087273,0.804163348312463,0.641863727356946,1.00750153530562,NA,0.0579810909100219,138,"estimable",0.0993961558457518,0.347886545460131
"Unadjusted_matched","SII","Q4/Q1",10874,0.272494876821333,0.122471185686696,1.31323673094885,1.0307968743827,1.6730655227743,NA,0.0277065959613323,138,"estimable",0.0564488847449653,0.221652767690659
"M1_matched","NLR","Q2/Q1",10874,0.0689775215234165,0.115248490362742,1.07141212516529,0.853078483710145,1.34562524301252,NA,0.550479944292199,138,"estimable",0.60052357559149,1
"M1_matched","NLR","Q3/Q1",10874,0.143164276864574,0.129529569014024,1.15391934834903,0.893190853921745,1.4907562663096,NA,0.270968758213981,138,"estimable",0.348277099107807,1
"M1_matched","NLR","Q4/Q1",10874,0.671374643192893,0.118281202683116,1.95692554691871,1.54882534574959,2.47255612564224,NA,7.80797020090015e-08,138,"estimable",4.68478212054009e-07,8.58876722099016e-07
"M1_matched","MLR","Q2/Q1",10874,-0.365308217781158,0.142343845754544,0.693982720096887,0.52373722042983,0.919568052463058,NA,0.0113429693501219,138,"estimable",0.0340289080503657,0.102086724151097
"M1_matched","MLR","Q3/Q1",10874,-0.0468497032481886,0.12834485555237,0.954230804603707,0.740354287301152,1.22989282843749,NA,0.715647953469231,138,"estimable",0.715647953469231,1
"M1_matched","MLR","Q4/Q1",10874,0.340875809412422,0.152231140265507,1.4061785958717,1.04067405868707,1.90005528338271,NA,0.0267432153795933,138,"estimable",0.0534864307591867,0.187202507657153
"M1_matched","SIRI","Q2/Q1",10874,0.155574171507693,0.124741729214235,1.16832858954657,0.912946414754821,1.49514984788944,NA,0.214447547148556,138,"estimable",0.348277099107807,1
"M1_matched","SIRI","Q3/Q1",10874,0.312530866636162,0.131667688407441,1.36688013151435,1.05356945503062,1.77336319405197,NA,0.0189919428776056,138,"estimable",0.0455806629062534,0.151935543020844
"M1_matched","SIRI","Q4/Q1",10874,0.872395138980432,0.126055969009771,2.39263468870643,1.86478212826067,3.06990327011601,NA,1.54593352359457e-10,138,"estimable",1.85512022831348e-09,1.85512022831348e-09
"M1_matched","SII","Q2/Q1",10874,-0.131346279246031,0.123714340938402,0.876914064668744,0.68662493376555,1.1199393424248,NA,0.290230915923172,138,"estimable",0.348277099107807,1
"M1_matched","SII","Q3/Q1",10874,-0.130422952932665,0.118592494256894,0.877724116412709,0.694254749318369,1.10967858021693,NA,0.273352705179926,138,"estimable",0.348277099107807,1
"M1_matched","SII","Q4/Q1",10874,0.343240745883262,0.129102735822606,1.40950805434469,1.09195039345927,1.81941685919331,NA,0.00877237694047274,138,"estimable",0.0340289080503657,0.0877237694047274
"M2","NLR","Q2/Q1",10874,0.00524971856643641,0.119526813565039,1.00526352248394,0.793667180883778,1.27327269411786,NA,0.965030988064425,138,"estimable",0.995011108642539,1
"M2","NLR","Q3/Q1",10874,-0.0312707693950603,0.133949985296384,0.969213104297438,0.743690333075947,1.26312525491164,NA,0.815757084753189,138,"estimable",0.978908501703827,1
"M2","NLR","Q4/Q1",10874,0.451913143866512,0.129935760360751,1.57131546426477,1.21529968982452,2.03162422315282,NA,0.000676186138005205,138,"estimable",0.00811423365606246,0.00811423365606246
"M2","MLR","Q2/Q1",10874,-0.391317322775477,0.152767941918107,0.676165559260921,0.499880646808213,0.914618052228866,NA,0.0114955572183683,138,"estimable",0.0459822288734731,0.114955572183683
"M2","MLR","Q3/Q1",10874,-0.0641035597267827,0.141581404430313,0.937907865018956,0.708891375524786,1.24091108121213,NA,0.651426667774138,138,"estimable",0.943233955772972,1
"M2","MLR","Q4/Q1",10874,0.330648605945053,0.157210844626014,1.39187061130751,1.01999226712851,1.89933184893202,NA,0.037261902682483,138,"estimable",0.0745238053649659,0.260833318777381
"M2","SIRI","Q2/Q1",10874,0.0491267955567885,0.130624134984582,1.05035352245676,0.811268043813304,1.35989890215769,NA,0.707425466829729,138,"estimable",0.943233955772972,1
"M2","SIRI","Q3/Q1",10874,0.000887013889596911,0.141604422199731,1.00088740740276,0.75645826811826,1.32429724747328,NA,0.995011108642539,138,"estimable",0.995011108642539,1
"M2","SIRI","Q4/Q1",10874,0.442796727480213,0.136805270688924,1.55705579551604,1.188023713,2.04071915721947,NA,0.00151417444845224,138,"estimable",0.00908504669071344,0.0166559189329746
"M2","SII","Q2/Q1",10874,-0.305103058065212,0.128428584776361,0.737047411797187,0.571754626870227,0.950125913646927,NA,0.0188920109866627,138,"estimable",0.0474060148291151,0.170028098879965
"M2","SII","Q3/Q1",10874,-0.315610650746195,0.133818948129224,0.729343364187795,0.559780055256928,0.95026919571227,NA,0.0197525061787979,138,"estimable",0.0474060148291151,0.170028098879965
"M2","SII","Q4/Q1",10874,0.0851970565605686,0.139402748617467,1.08893162667853,0.826591638863733,1.43453191615966,NA,0.542100603991585,138,"estimable",0.929315321128432,1
"M2_supp_matched","NLR","Q2/Q1",10874,0.00524971856643641,0.119526813565039,1.00526352248394,0.793667180883778,1.27327269411786,NA,0.965030988064425,138,"estimable",0.995011108642539,1
"M2_supp_matched","NLR","Q3/Q1",10874,-0.0312707693950603,0.133949985296384,0.969213104297438,0.743690333075947,1.26312525491164,NA,0.815757084753189,138,"estimable",0.978908501703827,1
"M2_supp_matched","NLR","Q4/Q1",10874,0.451913143866512,0.129935760360751,1.57131546426477,1.21529968982452,2.03162422315282,NA,0.000676186138005205,138,"estimable",0.00811423365606246,0.00811423365606246
"M2_supp_matched","MLR","Q2/Q1",10874,-0.391317322775477,0.152767941918107,0.676165559260921,0.499880646808213,0.914618052228866,NA,0.0114955572183683,138,"estimable",0.0459822288734731,0.114955572183683
"M2_supp_matched","MLR","Q3/Q1",10874,-0.0641035597267827,0.141581404430313,0.937907865018956,0.708891375524786,1.24091108121213,NA,0.651426667774138,138,"estimable",0.943233955772972,1
"M2_supp_matched","MLR","Q4/Q1",10874,0.330648605945053,0.157210844626014,1.39187061130751,1.01999226712851,1.89933184893202,NA,0.037261902682483,138,"estimable",0.0745238053649659,0.260833318777381
"M2_supp_matched","SIRI","Q2/Q1",10874,0.0491267955567885,0.130624134984582,1.05035352245676,0.811268043813304,1.35989890215769,NA,0.707425466829729,138,"estimable",0.943233955772972,1
"M2_supp_matched","SIRI","Q3/Q1",10874,0.000887013889596911,0.141604422199731,1.00088740740276,0.75645826811826,1.32429724747328,NA,0.995011108642539,138,"estimable",0.995011108642539,1
"M2_supp_matched","SIRI","Q4/Q1",10874,0.442796727480213,0.136805270688924,1.55705579551604,1.188023713,2.04071915721947,NA,0.00151417444845224,138,"estimable",0.00908504669071344,0.0166559189329746
"M2_supp_matched","SII","Q2/Q1",10874,-0.305103058065212,0.128428584776361,0.737047411797187,0.571754626870227,0.950125913646927,NA,0.0188920109866627,138,"estimable",0.0474060148291151,0.170028098879965
"M2_supp_matched","SII","Q3/Q1",10874,-0.315610650746195,0.133818948129224,0.729343364187795,0.559780055256928,0.95026919571227,NA,0.0197525061787979,138,"estimable",0.0474060148291151,0.170028098879965
"M2_supp_matched","SII","Q4/Q1",10874,0.0851970565605686,0.139402748617467,1.08893162667853,0.826591638863733,1.43453191615966,NA,0.542100603991585,138,"estimable",0.929315321128432,1
"M2_plus16","NLR","Q2/Q1",10874,-0.0701635500210396,0.133923544937215,0.932241339346525,0.715358795842803,1.21487835172656,NA,0.601183274133541,138,"estimable",0.801577698844721,1
"M2_plus16","NLR","Q3/Q1",10874,-0.227786062003777,0.165487424048518,0.796294599284738,0.574069430030613,1.10454425140915,NA,0.170909941466391,138,"estimable",0.410183859519339,1
"M2_plus16","NLR","Q4/Q1",10874,0.0227862560806855,0.137708014533395,1.0230478459196,0.779186939028177,1.34322951607238,NA,0.868817869229104,138,"estimable",0.868817869229104,1
"M2_plus16","MLR","Q2/Q1",10874,-0.41401719891704,0.177839609694427,0.66098958286315,0.465026870483342,0.93953114623137,NA,0.0213637494152458,138,"estimable",0.0996959482204046,0.235001243567704
"M2_plus16","MLR","Q3/Q1",10874,-0.206093058959834,0.162643589080323,0.813757345347139,0.589966924551238,1.12243752920578,NA,0.207237569504954,138,"estimable",0.414475139009907,1
"M2_plus16","MLR","Q4/Q1",10874,-0.0975838083679301,0.16092338595283,0.907026321974593,0.659826610785332,1.24683778330125,NA,0.545245957052331,138,"estimable",0.801577698844721,1
"M2_plus16","SIRI","Q2/Q1",10874,0.0356937534182926,0.141348293307392,1.03633842278897,0.783648479159449,1.37050904214185,NA,0.801012258702164,138,"estimable",0.868817869229104,1
"M2_plus16","SIRI","Q3/Q1",10874,-0.27412900745748,0.159389146505116,0.760233993079815,0.554721145854455,1.04188514995915,NA,0.0876974192434983,138,"estimable",0.263092257730495,0.789276773191485
"M2_plus16","SIRI","Q4/Q1",10874,0.0267736775704959,0.1433400588018,1.02713531269622,0.773636519756456,1.36369848584668,NA,0.852104046176379,138,"estimable",0.868817869229104,1
"M2_plus16","SII","Q2/Q1",10874,-0.321485975028787,0.141790381949797,0.725070799053215,0.547798040341905,0.959710741775451,NA,0.0249239870551011,138,"estimable",0.0996959482204046,0.249239870551011
"M2_plus16","SII","Q3/Q1",10874,-0.40993404544322,0.164328918433525,0.663694022337897,0.479571540377772,0.91850687165479,NA,0.0137899250697592,138,"estimable",0.0996959482204046,0.16547910083711
"M2_plus16","SII","Q4/Q1",10874,-0.178054523128514,0.157217211027098,0.83689679201345,0.613287976365289,1.14203484737035,NA,0.259372110097496,138,"estimable",0.444637903024279,1
