"variable","level","n","strict_n","route_n","strict_weighted_retention","route_weighted_retention"
"sex","1",11226,4953,6786,0.40618505930238,0.648005559789823
"sex","2",11508,4861,6503,0.406246727550965,0.603416540735899
"race","3",11357,5126,6620,0.422381144837081,0.633664553110477
"race","4",4614,1812,2506,0.344581732706985,0.555585489973738
"race","1",3485,1532,2145,0.357073856010208,0.647627398253031
"race","2",1781,762,1099,0.353193323441617,0.621861107339693
"race","5",1497,582,919,0.367023335227459,0.592419499195617
"cycle","1999-2000",2156,968,1239,0.4001385089461,0.596507116759069
"cycle","2001-2002",2293,972,1305,0.371799337247259,0.602719046510464
"cycle","2003-2004",2327,884,1106,0.337804724029269,0.514855416656582
"cycle","2005-2006",2119,824,1108,0.335968024914518,0.544234014886881
"cycle","2007-2008",2936,1050,1476,0.321047862322908,0.530550753424509
"cycle","2009-2010",2939,1121,1549,0.341799414642098,0.553612109703426
"cycle","2011-2012",2566,939,1346,0.360676782315868,0.571520688127809
"cycle","2013-2014",2701,1536,2096,0.554306809077379,0.807471861224082
"cycle","2015-2016",2697,1520,2064,0.569943030034618,0.814806262874351
"age_group","GE65",11596,6020,6020,0.549329505387813,0.549329505387813
"age_group","LT65",11138,3794,7269,0.302360866588951,0.678292554587512
