"variable","level","n","sample_percent","weighted_percent"
"RIAGENDR","1",4953,50.4687181577338,46.2932690316926
"RIAGENDR","2",4861,49.5312818422662,53.7067309683074
"RIDRETH1","1",1532,15.6103525575708,3.95742371511179
"RIDRETH1","2",762,7.7644181781129,3.40369028158695
"RIDRETH1","3",5126,52.2315060118199,79.538299427127
"RIDRETH1","4",1812,18.4634196046464,8.17057769004744
"RIDRETH1","5",582,5.93030364785001,4.93000888612681
"cycle","1999-2000",968,9.8634603627471,8.51206660278293
"cycle","2001-2002",972,9.90421846341961,9.15739361145165
"cycle","2003-2004",884,9.00754024862441,8.25399123430804
"cycle","2005-2006",824,8.39616873853678,8.66759871596958
"cycle","2007-2008",1050,10.6990014265335,8.73225818769691
"cycle","2009-2010",1121,11.4224577134706,9.72751412806502
"cycle","2011-2012",939,9.56796413287141,10.9490835910638
"cycle","2013-2014",1536,15.6511106582433,17.3138055832721
"cycle","2015-2016",1520,15.4880782555533,18.68628834539
"FI_group","Q1",2765,28.1740370898716,30.8629109671995
"FI_group","Q2",2835,28.8873038516405,29.3984648962396
"FI_group","Q3",1830,18.6468310576727,18.5203864721279
"FI_group","Q4",2384,24.2918280008152,21.218237664433
"frail","0",7891,80.4055431016914,83.1809495385019
"frail","1",1923,19.5944568983085,16.8190504614981
