"marker","analysis","n","beta_logx","se","ci_low","ci_high","exp_beta","exp_ci_low","exp_ci_high","p","df","convergence","p_BH_exploratory_all"
"NLR","unweighted_binary_FI_gt_0.30_model1",1272,-0.1563138618285,0.196781801826283,-0.541999106220912,0.229371382563912,0.855290705134976,0.581584440396916,1.25780908064019,0.426991000972461,Inf,TRUE,0.718011937923161
"NLR","weighted_binary_FI_gt_0.20_model1",1272,-0.210046730288207,0.162868424268208,-0.541798854276926,0.121705393700513,0.810546368019788,0.581700915473488,1.12942131812755,0.206408290931457,32,TRUE,0.627083928520992
"NLR","weighted_binary_FI_gt_0.25_model1",1272,-0.338015573940185,0.182919953462966,-0.710611326333071,0.0345801784527006,0.71318418072402,0.491343734266445,1.03518502458235,0.0738800228781509,32,TRUE,0.627083928520992
"NLR","weighted_binary_FI_gt_0.30_model1",1272,-0.191133946279305,0.216480478426442,-0.632090250994319,0.24982235843571,0.82602193817554,0.531479713141566,1.28379734066262,0.383866931709949,32,TRUE,0.718011937923161
"NLR","weighted_binary_FI_gt_0.35_model1",1272,-0.111957464076503,0.40706763040451,-0.941127093490743,0.717212165337736,0.894082287307308,0.390187809289826,2.04871376666434,0.785058129355799,32,TRUE,0.850533662745643
"NLR","weighted_binary_FI_gt_0.30_age60",919,-0.27084938056268,0.247547776090502,-0.775087699780819,0.233388938655459,0.76273136992352,0.460663379149992,1.26287256377718,0.282065873527606,32,TRUE,0.627083928520992
"NLR","weighted_fractional_FI",1272,-0.0394790645308379,0.0325044604924498,-0.105688483919091,0.0267303548574147,0.961290078838737,0.899704876963002,1.02709081537166,0.233415632910104,32,TRUE,0.627083928520992
"NLR","weighted_fractional_FI_without_platelets",1272,-0.040421599868391,0.0335713487686641,-0.108804199560211,0.0279609998234292,0.960384455827682,0.896906014898817,1.02835557759024,0.237401042896155,32,TRUE,0.627083928520992
"MLR","unweighted_binary_FI_gt_0.30_model1",1272,0.0427739885139843,0.190397765116938,-0.330398773852131,0.415946750880099,1.04370197955648,0.718637102599596,1.51580515143127,0.822246944758375,Inf,TRUE,0.850533662745643
"MLR","weighted_binary_FI_gt_0.20_model1",1272,0.0356816452165932,0.159084225645138,-0.288362318418518,0.359725608851705,1.03632587467029,0.749489989011073,1.4329361756095,0.823954485784842,32,TRUE,0.850533662745643
"MLR","weighted_binary_FI_gt_0.25_model1",1272,0.0372889572901589,0.160872271970527,-0.290397137524789,0.364975052105107,1.03799291312742,0.747966463037034,1.44047807080543,0.818175229591336,32,TRUE,0.850533662745643
"MLR","weighted_binary_FI_gt_0.30_model1",1272,0.124455160430049,0.226248963739142,-0.336398897733505,0.585309218593603,1.13253123710807,0.714338101126479,1.79554611605191,0.586083548377635,32,TRUE,0.752025210999618
"MLR","weighted_binary_FI_gt_0.35_model1",1272,0.551454086461768,0.408081258413174,-0.279780235641185,1.38268840856472,1.73577515087083,0.755949854037213,3.98560216433659,0.18606533214006,32,TRUE,0.627083928520992
"MLR","weighted_binary_FI_gt_0.30_age60",919,0.190413452998566,0.27247561447569,-0.364601211406748,0.745428117403879,1.20974966890027,0.694473543791021,2.10734343228589,0.489708125846647,32,TRUE,0.718011937923161
"MLR","weighted_fractional_FI",1272,0.0359012176182154,0.0296515904953121,-0.0244970957483105,0.0962995309847413,1.03655344821497,0.975800522884609,1.10108882482471,0.234850929520773,32,TRUE,0.627083928520992
"MLR","weighted_fractional_FI_without_platelets",1272,0.0423722129440083,0.0309852577572634,-0.0207426917374673,0.105487117625484,1.04328272982654,0.979470958118493,1.11125178886892,0.180998671070418,32,TRUE,0.627083928520992
"SIRI","unweighted_binary_FI_gt_0.30_model1",1272,-0.0444956586413282,0.18624003400494,-0.409519417770526,0.320528100487869,0.956479752506275,0.663969265303491,1.37785521824764,0.811170990564726,Inf,TRUE,0.850533662745643
"SIRI","weighted_binary_FI_gt_0.20_model1",1272,-0.0120996975295391,0.146597495134365,-0.310709023436458,0.286509628377379,0.987973209463505,0.732927109456476,1.33177099062616,0.934733936405091,32,TRUE,0.934733936405091
"SIRI","weighted_binary_FI_gt_0.25_model1",1272,-0.160085367282233,0.170127029466358,-0.506622786226078,0.186452051661611,0.852071046871817,0.602527009108597,1.20496684454253,0.35376705325379,32,TRUE,0.707534106507581
"SIRI","weighted_binary_FI_gt_0.30_model1",1272,-0.0572798750912159,0.208884722581828,-0.482764131457554,0.368204381275122,0.944329738006805,0.617075354874255,1.44513736781097,0.785679849634402,32,TRUE,0.850533662745643
"SIRI","weighted_binary_FI_gt_0.35_model1",1272,-0.45591160689326,0.355258626390159,-1.17954974853921,0.26772653475269,0.63386986434888,0.307417122453484,1.30698967488534,0.208595232830064,32,TRUE,0.627083928520992
"SIRI","weighted_binary_FI_gt_0.30_age60",919,-0.136111011779887,0.24202373048107,-0.629097218305378,0.356875194745605,0.872745742052615,0.533072832235975,1.42885752979772,0.577771114180944,32,TRUE,0.752025210999618
"SIRI","weighted_fractional_FI",1272,-0.0243985401057856,0.0305106426257752,-0.0865466854006222,0.037749605189051,0.975896698271354,0.917092732943631,1.03847117252805,0.42979666377556,32,TRUE,0.718011937923161
"SIRI","weighted_fractional_FI_without_platelets",1272,-0.0203406714080035,0.0293738175075334,-0.0801731797138105,0.0394918368978034,0.979864804517601,0.922956495203845,1.04028200692196,0.493633207322173,32,TRUE,0.718011937923161
"SII","unweighted_binary_FI_gt_0.30_model1",1272,-0.281257353173297,0.194667113882236,-0.662797885356837,0.100283179010242,0.754834051543009,0.515407264823986,1.10548392359858,0.148510741323371,Inf,TRUE,0.627083928520992
"SII","weighted_binary_FI_gt_0.20_model1",1272,-0.183063324298453,0.165129548113117,-0.519421206840561,0.153294558243654,0.832715422947506,0.594864751998365,1.16566828558124,0.275863714445447,32,TRUE,0.627083928520992
"SII","weighted_binary_FI_gt_0.25_model1",1272,-0.202270637411612,0.189565343599064,-0.588402606553016,0.183861331729792,0.816873821407097,0.555213471112345,1.20184915319753,0.293945591494215,32,TRUE,0.627083928520992
"SII","weighted_binary_FI_gt_0.30_model1",1272,-0.298636522533301,0.236738208777399,-0.780856473663003,0.183583428596401,0.741828998562377,0.458013566712797,1.20151520195719,0.216260587259028,32,TRUE,0.627083928520992
"SII","weighted_binary_FI_gt_0.35_model1",1272,-0.371917996316188,0.297543610515928,-0.977994497709588,0.234158505077211,0.689410774429441,0.376064541382593,1.26384480215024,0.220378146133939,32,TRUE,0.627083928520992
"SII","weighted_binary_FI_gt_0.30_age60",919,-0.299168239467525,0.236300089240852,-0.780495770304815,0.182159291369765,0.741434660368981,0.458178803543354,1.19980529728816,0.214634036577139,32,TRUE,0.627083928520992
"SII","weighted_fractional_FI",1272,-0.0250459775313084,0.0353951229671232,-0.097143483698912,0.0470515286362952,0.975265070717171,0.907425795982283,1.04817601876897,0.484309023767762,32,TRUE,0.718011937923161
"SII","weighted_fractional_FI_without_platelets",1272,-0.0197174911412337,0.0359832513184119,-0.0930129755578115,0.0535779932753441,0.980475627234442,0.911181677128906,1.05503927452744,0.587519696093452,32,TRUE,0.752025210999618
