"condition","k","test","n","method","target","estimate","se","lower","upper","seed","pass"
1,1,"student_t",20,"uncorrected",0.05,0.041,0.00627048642451285,0.0248482973202342,0.0571517026797658,20260929,TRUE
1,1,"student_t",20,"bonferroni",0.05,0.041,0.00627048642451285,0.0248482973202342,0.0571517026797658,20260929,TRUE
1,1,"student_t",20,"bh",0.05,0.041,0.00627048642451285,0.0248482973202342,0.0571517026797658,20260929,TRUE
2,2,"student_t",20,"uncorrected",0.0975,0.104,0.00965318600255895,0.0791350406220006,0.128864959377999,20260930,TRUE
2,2,"student_t",20,"bonferroni",0.0493750000000001,0.05,0.00689202437604511,0.0322473216514097,0.0677526783485903,20260930,TRUE
2,2,"student_t",20,"bh",0.05,0.05,0.00689202437604511,0.0322473216514097,0.0677526783485903,20260930,TRUE
3,3,"student_t",20,"uncorrected",0.142625,0.138,0.0109066951914867,0.109906214920893,0.166093785079107,20260931,TRUE
3,3,"student_t",20,"bonferroni",0.0491712962962964,0.05,0.00689202437604511,0.0322473216514097,0.0677526783485903,20260931,TRUE
3,3,"student_t",20,"bh",0.05,0.05,0.00689202437604511,0.0322473216514097,0.0677526783485903,20260931,TRUE
4,5,"student_t",20,"uncorrected",0.2262190625,0.231,0.0133281281506444,0.196669016948115,0.265330983051885,20260932,TRUE
4,5,"student_t",20,"bonferroni",0.0490099501000001,0.056,0.00727076337120113,0.0372717546492901,0.0747282453507098,20260932,TRUE
4,5,"student_t",20,"bh",0.05,0.057,0.00733150734842433,0.0381152885327445,0.0758847114672555,20260932,TRUE
5,6,"student_t",20,"uncorrected",0.264908109375,0.269,0.0140228028582021,0.232879653479954,0.305120346520046,20260933,TRUE
5,6,"student_t",20,"bonferroni",0.0489698353102359,0.056,0.00727076337120113,0.0372717546492901,0.0747282453507098,20260933,TRUE
5,6,"student_t",20,"bh",0.05,0.058,0.00739161687318817,0.0389604566574354,0.0770395433425646,20260933,TRUE
6,10,"student_t",20,"uncorrected",0.401263060761621,0.398,0.0154788888490098,0.358129024516344,0.437870975483656,20260934,TRUE
6,10,"student_t",20,"bonferroni",0.0488898695342281,0.042,0.00634318531969546,0.0256610373756872,0.0583389626243128,20260934,TRUE
6,10,"student_t",20,"bh",0.05,0.044,0.00648567652600714,0.0272940043509716,0.0607059956490284,20260934,TRUE
7,15,"student_t",20,"uncorrected",0.536708769840247,0.542,0.0157555069737537,0.501416503444736,0.582583496555264,20260935,TRUE
7,15,"student_t",20,"bonferroni",0.0488500178956324,0.046,0.00662449998113065,0.0289364188272445,0.0630635811727555,20260935,TRUE
7,15,"student_t",20,"bh",0.05,0.046,0.00662449998113065,0.0289364188272445,0.0630635811727555,20260935,TRUE
8,20,"student_t",20,"uncorrected",0.641514077591458,0.657,0.0150116954405557,0.618332434988265,0.695667565011735,20260936,TRUE
8,20,"student_t",20,"bonferroni",0.0488301247468332,0.054,0.00714730718522718,0.0355897567108262,0.0724102432891738,20260936,TRUE
8,20,"student_t",20,"bh",0.05,0.055,0.00720936890441875,0.036429896315904,0.073570103684096,20260936,TRUE
9,1,"welch_t",20,"uncorrected",0.05,0.045,0.00655553201502365,0.0281140685353491,0.0618859314646509,20260937,TRUE
9,1,"welch_t",20,"bonferroni",0.05,0.045,0.00655553201502365,0.0281140685353491,0.0618859314646509,20260937,TRUE
9,1,"welch_t",20,"bh",0.05,0.045,0.00655553201502365,0.0281140685353491,0.0618859314646509,20260937,TRUE
10,2,"welch_t",20,"uncorrected",0.0975,0.093,0.00918428004799505,0.0693428623203748,0.116657137679625,20260938,TRUE
10,2,"welch_t",20,"bonferroni",0.0493750000000001,0.048,0.00675988165576883,0.030587698742548,0.065412301257452,20260938,TRUE
10,2,"welch_t",20,"bh",0.05,0.049,0.00682634602111554,0.0314164978826462,0.0665835021173539,20260938,TRUE
11,3,"welch_t",20,"uncorrected",0.142625,0.141,0.0110054077616415,0.112651948190059,0.169348051809941,20260939,TRUE
11,3,"welch_t",20,"bonferroni",0.0491712962962964,0.054,0.00714730718522718,0.0355897567108262,0.0724102432891738,20260939,TRUE
11,3,"welch_t",20,"bh",0.05,0.056,0.00727076337120113,0.0372717546492901,0.0747282453507098,20260939,TRUE
12,5,"welch_t",20,"uncorrected",0.2262190625,0.206,0.0127892142057282,0.173057167279521,0.238942832720479,20260940,TRUE
12,5,"welch_t",20,"bonferroni",0.0490099501000001,0.05,0.00689202437604511,0.0322473216514097,0.0677526783485903,20260940,TRUE
12,5,"welch_t",20,"bh",0.05,0.051,0.00695693898205238,0.0330801127070278,0.0689198872929722,20260940,TRUE
13,6,"welch_t",20,"uncorrected",0.264908109375,0.267,0.0139896747639107,0.230964985796,0.303035014204,20260941,TRUE
13,6,"welch_t",20,"bonferroni",0.0489698353102359,0.049,0.00682634602111554,0.0314164978826462,0.0665835021173539,20260941,TRUE
13,6,"welch_t",20,"bh",0.05,0.049,0.00682634602111554,0.0314164978826462,0.0665835021173539,20260941,TRUE
14,10,"welch_t",20,"uncorrected",0.401263060761621,0.396,0.0154655746740947,0.356163319558243,0.435836680441757,20260942,TRUE
14,10,"welch_t",20,"bonferroni",0.0488898695342281,0.043,0.00641490451994416,0.0264763009580595,0.0595236990419405,20260942,TRUE
14,10,"welch_t",20,"bh",0.05,0.044,0.00648567652600714,0.0272940043509716,0.0607059956490284,20260942,TRUE
15,15,"welch_t",20,"uncorrected",0.536708769840247,0.534,0.0157747900144503,0.493366833623448,0.574633166376552,20260943,TRUE
15,15,"welch_t",20,"bonferroni",0.0488500178956324,0.055,0.00720936890441875,0.036429896315904,0.073570103684096,20260943,TRUE
15,15,"welch_t",20,"bh",0.05,0.056,0.00727076337120113,0.0372717546492901,0.0747282453507098,20260943,TRUE
16,20,"welch_t",20,"uncorrected",0.641514077591458,0.64,0.0151789327688082,0.600901660177505,0.679098339822495,20260944,TRUE
16,20,"welch_t",20,"bonferroni",0.0488301247468332,0.038,0.00604615580348373,0.0224261347075644,0.0535738652924356,20260944,TRUE
16,20,"welch_t",20,"bh",0.05,0.038,0.00604615580348373,0.0224261347075644,0.0535738652924356,20260944,TRUE
17,1,"anova_4group",20,"uncorrected",0.05,0.041,0.00627048642451285,0.0248482973202342,0.0571517026797658,20260945,TRUE
17,1,"anova_4group",20,"bonferroni",0.05,0.041,0.00627048642451285,0.0248482973202342,0.0571517026797658,20260945,TRUE
17,1,"anova_4group",20,"bh",0.05,0.041,0.00627048642451285,0.0248482973202342,0.0571517026797658,20260945,TRUE
18,2,"anova_4group",20,"uncorrected",0.0975,0.103,0.0096120237203203,0.0782410676347919,0.127758932365208,20260946,TRUE
18,2,"anova_4group",20,"bonferroni",0.0493750000000001,0.051,0.00695693898205238,0.0330801127070278,0.0689198872929722,20260946,TRUE
18,2,"anova_4group",20,"bh",0.05,0.053,0.00708456067798138,0.0347513810028853,0.0712486189971147,20260946,TRUE
19,3,"anova_4group",20,"uncorrected",0.142625,0.15,0.0112915897906362,0.120914792133626,0.179085207866374,20260947,TRUE
19,3,"anova_4group",20,"bonferroni",0.0491712962962964,0.057,0.00733150734842433,0.0381152885327445,0.0758847114672555,20260947,TRUE
19,3,"anova_4group",20,"bh",0.05,0.057,0.00733150734842433,0.0381152885327445,0.0758847114672555,20260947,TRUE
20,5,"anova_4group",20,"uncorrected",0.2262190625,0.251,0.0137112727345057,0.215682101901509,0.286317898098491,20260948,TRUE
20,5,"anova_4group",20,"bonferroni",0.0490099501000001,0.056,0.00727076337120113,0.0372717546492901,0.0747282453507098,20260948,TRUE
20,5,"anova_4group",20,"bh",0.05,0.056,0.00727076337120113,0.0372717546492901,0.0747282453507098,20260948,TRUE
21,6,"anova_4group",20,"uncorrected",0.264908109375,0.267,0.0139896747639107,0.230964985796,0.303035014204,20260949,TRUE
21,6,"anova_4group",20,"bonferroni",0.0489698353102359,0.053,0.00708456067798138,0.0347513810028853,0.0712486189971147,20260949,TRUE
21,6,"anova_4group",20,"bh",0.05,0.054,0.00714730718522718,0.0355897567108262,0.0724102432891738,20260949,TRUE
22,10,"anova_4group",20,"uncorrected",0.401263060761621,0.4,0.0154919333848297,0.360095424018728,0.439904575981272,20260950,TRUE
22,10,"anova_4group",20,"bonferroni",0.0488898695342281,0.043,0.00641490451994416,0.0264763009580595,0.0595236990419405,20260950,TRUE
22,10,"anova_4group",20,"bh",0.05,0.045,0.00655553201502365,0.0281140685353491,0.0618859314646509,20260950,TRUE
23,15,"anova_4group",20,"uncorrected",0.536708769840247,0.51,0.0158082257068907,0.469280708987076,0.550719291012924,20260951,TRUE
23,15,"anova_4group",20,"bonferroni",0.0488500178956324,0.043,0.00641490451994416,0.0264763009580595,0.0595236990419405,20260951,TRUE
23,15,"anova_4group",20,"bh",0.05,0.045,0.00655553201502365,0.0281140685353491,0.0618859314646509,20260951,TRUE
24,20,"anova_4group",20,"uncorrected",0.641514077591458,0.623,0.0153255016231117,0.583524123827603,0.662475876172397,20260952,TRUE
24,20,"anova_4group",20,"bonferroni",0.0488301247468332,0.048,0.00675988165576883,0.030587698742548,0.065412301257452,20260952,TRUE
24,20,"anova_4group",20,"bh",0.05,0.05,0.00689202437604511,0.0322473216514097,0.0677526783485903,20260952,TRUE
25,1,"student_t",100,"uncorrected",0.05,0.041,0.00627048642451285,0.0248482973202342,0.0571517026797658,20260953,TRUE
25,1,"student_t",100,"bonferroni",0.05,0.041,0.00627048642451285,0.0248482973202342,0.0571517026797658,20260953,TRUE
25,1,"student_t",100,"bh",0.05,0.041,0.00627048642451285,0.0248482973202342,0.0571517026797658,20260953,TRUE
26,2,"student_t",100,"uncorrected",0.0975,0.11,0.00989444288477123,0.0845136040751154,0.135486395924885,20260954,TRUE
26,2,"student_t",100,"bonferroni",0.0493750000000001,0.05,0.00689202437604511,0.0322473216514097,0.0677526783485903,20260954,TRUE
26,2,"student_t",100,"bh",0.05,0.053,0.00708456067798138,0.0347513810028853,0.0712486189971147,20260954,TRUE
27,3,"student_t",100,"uncorrected",0.142625,0.14,0.0109726933794762,0.111736214854288,0.168263785145712,20260955,TRUE
27,3,"student_t",100,"bonferroni",0.0491712962962964,0.044,0.00648567652600714,0.0272940043509716,0.0607059956490284,20260955,TRUE
27,3,"student_t",100,"bh",0.05,0.044,0.00648567652600714,0.0272940043509716,0.0607059956490284,20260955,TRUE
28,5,"student_t",100,"uncorrected",0.2262190625,0.235,0.0134080199880519,0.200463229212206,0.269536770787794,20260956,TRUE
28,5,"student_t",100,"bonferroni",0.0490099501000001,0.059,0.00745110730026081,0.0398072194721011,0.0781927805278989,20260956,TRUE
28,5,"student_t",100,"bh",0.05,0.059,0.00745110730026081,0.0398072194721011,0.0781927805278989,20260956,TRUE
29,6,"student_t",100,"uncorrected",0.264908109375,0.258,0.0138360398958662,0.222360722991156,0.293639277008844,20260957,TRUE
29,6,"student_t",100,"bonferroni",0.0489698353102359,0.059,0.00745110730026081,0.0398072194721011,0.0781927805278989,20260957,TRUE
29,6,"student_t",100,"bh",0.05,0.06,0.00750999334220743,0.0406555390796849,0.0793444609203151,20260957,TRUE
30,10,"student_t",100,"uncorrected",0.401263060761621,0.391,0.0154311049507156,0.351252107681808,0.430747892318192,20260958,TRUE
30,10,"student_t",100,"bonferroni",0.0488898695342281,0.052,0.00702111102319284,0.0339148164829897,0.0700851835170103,20260958,TRUE
30,10,"student_t",100,"bh",0.05,0.052,0.00702111102319284,0.0339148164829897,0.0700851835170103,20260958,TRUE
31,15,"student_t",100,"uncorrected",0.536708769840247,0.548,0.0157383607786834,0.507460669116443,0.588539330883557,20260959,TRUE
31,15,"student_t",100,"bonferroni",0.0488500178956324,0.061,0.00756828910652864,0.0415053791416736,0.0804946208583264,20260959,TRUE
31,15,"student_t",100,"bh",0.05,0.063,0.0076831634109916,0.0432094825420131,0.0827905174579869,20260959,TRUE
32,20,"student_t",100,"uncorrected",0.641514077591458,0.653,0.0150529399121899,0.61422619626962,0.69177380373038,20260960,TRUE
32,20,"student_t",100,"bonferroni",0.0488301247468332,0.048,0.00675988165576883,0.030587698742548,0.065412301257452,20260960,TRUE
32,20,"student_t",100,"bh",0.05,0.049,0.00682634602111554,0.0314164978826462,0.0665835021173539,20260960,TRUE
33,1,"welch_t",100,"uncorrected",0.05,0.055,0.00720936890441875,0.036429896315904,0.073570103684096,20260961,TRUE
33,1,"welch_t",100,"bonferroni",0.05,0.055,0.00720936890441875,0.036429896315904,0.073570103684096,20260961,TRUE
33,1,"welch_t",100,"bh",0.05,0.055,0.00720936890441875,0.036429896315904,0.073570103684096,20260961,TRUE
34,2,"welch_t",100,"uncorrected",0.0975,0.101,0.00952885092757779,0.076455306551596,0.125544693448404,20260962,TRUE
34,2,"welch_t",100,"bonferroni",0.0493750000000001,0.047,0.00669260786241059,0.029760984550841,0.064239015449159,20260962,TRUE
34,2,"welch_t",100,"bh",0.05,0.048,0.00675988165576883,0.030587698742548,0.065412301257452,20260962,TRUE
35,3,"welch_t",100,"uncorrected",0.142625,0.139,0.0109397897603199,0.110820968960704,0.167179031039296,20260963,TRUE
35,3,"welch_t",100,"bonferroni",0.0491712962962964,0.051,0.00695693898205238,0.0330801127070278,0.0689198872929722,20260963,TRUE
35,3,"welch_t",100,"bh",0.05,0.053,0.00708456067798138,0.0347513810028853,0.0712486189971147,20260963,TRUE
36,5,"welch_t",100,"uncorrected",0.2262190625,0.241,0.0135247550809617,0.206162539539137,0.275837460460863,20260964,TRUE
36,5,"welch_t",100,"bonferroni",0.0490099501000001,0.062,0.00762600813007697,0.0423567047894456,0.0816432952105544,20260964,TRUE
36,5,"welch_t",100,"bh",0.05,0.066,0.00785136930732468,0.0457762128652087,0.0862237871347913,20260964,TRUE
37,6,"welch_t",100,"uncorrected",0.264908109375,0.259,0.0138534833164804,0.223315791717184,0.294684208282816,20260965,TRUE
37,6,"welch_t",100,"bonferroni",0.0489698353102359,0.051,0.00695693898205238,0.0330801127070278,0.0689198872929722,20260965,TRUE
37,6,"welch_t",100,"bh",0.05,0.053,0.00708456067798138,0.0347513810028853,0.0712486189971147,20260965,TRUE
38,10,"welch_t",100,"uncorrected",0.401263060761621,0.429,0.0156511660907422,0.388685267748755,0.469314732251245,20260966,TRUE
38,10,"welch_t",100,"bonferroni",0.0488898695342281,0.054,0.00714730718522718,0.0355897567108262,0.0724102432891738,20260966,TRUE
38,10,"welch_t",100,"bh",0.05,0.055,0.00720936890441875,0.036429896315904,0.073570103684096,20260966,TRUE
39,15,"welch_t",100,"uncorrected",0.536708769840247,0.545,0.0157472219772251,0.504437844181574,0.585562155818426,20260967,TRUE
39,15,"welch_t",100,"bonferroni",0.0488500178956324,0.041,0.00627048642451285,0.0248482973202342,0.0571517026797658,20260967,TRUE
39,15,"welch_t",100,"bh",0.05,0.041,0.00627048642451285,0.0248482973202342,0.0571517026797658,20260967,TRUE
40,20,"welch_t",100,"uncorrected",0.641514077591458,0.624,0.015317441039547,0.584544886514952,0.663455113485048,20260968,TRUE
40,20,"welch_t",100,"bonferroni",0.0488301247468332,0.051,0.00695693898205238,0.0330801127070278,0.0689198872929722,20260968,TRUE
40,20,"welch_t",100,"bh",0.05,0.052,0.00702111102319284,0.0339148164829897,0.0700851835170103,20260968,TRUE
41,1,"anova_4group",100,"uncorrected",0.05,0.052,0.00702111102319284,0.0339148164829897,0.0700851835170103,20260969,TRUE
41,1,"anova_4group",100,"bonferroni",0.05,0.052,0.00702111102319284,0.0339148164829897,0.0700851835170103,20260969,TRUE
41,1,"anova_4group",100,"bh",0.05,0.052,0.00702111102319284,0.0339148164829897,0.0700851835170103,20260969,TRUE
42,2,"anova_4group",100,"uncorrected",0.0975,0.104,0.00965318600255895,0.0791350406220006,0.128864959377999,20260970,TRUE
42,2,"anova_4group",100,"bonferroni",0.0493750000000001,0.06,0.00750999334220743,0.0406555390796849,0.0793444609203151,20260970,TRUE
42,2,"anova_4group",100,"bh",0.05,0.06,0.00750999334220743,0.0406555390796849,0.0793444609203151,20260970,TRUE
43,3,"anova_4group",100,"uncorrected",0.142625,0.136,0.0108399261990108,0.108078200448281,0.163921799551719,20260971,TRUE
43,3,"anova_4group",100,"bonferroni",0.0491712962962964,0.045,0.00655553201502365,0.0281140685353491,0.0618859314646509,20260971,TRUE
43,3,"anova_4group",100,"bh",0.05,0.046,0.00662449998113065,0.0289364188272445,0.0630635811727555,20260971,TRUE
44,5,"anova_4group",100,"uncorrected",0.2262190625,0.235,0.0134080199880519,0.200463229212206,0.269536770787794,20260972,TRUE
44,5,"anova_4group",100,"bonferroni",0.0490099501000001,0.064,0.00773976743836661,0.0440636802296017,0.0839363197703983,20260972,TRUE
44,5,"anova_4group",100,"bh",0.05,0.067,0.00790638982089803,0.0466344894140501,0.0873655105859499,20260972,TRUE
45,6,"anova_4group",100,"uncorrected",0.264908109375,0.238,0.0134668481835951,0.203311697822251,0.272688302177749,20260973,TRUE
45,6,"anova_4group",100,"bonferroni",0.0489698353102359,0.062,0.00762600813007697,0.0423567047894456,0.0816432952105544,20260973,TRUE
45,6,"anova_4group",100,"bh",0.05,0.064,0.00773976743836661,0.0440636802296017,0.0839363197703983,20260973,TRUE
46,10,"anova_4group",100,"uncorrected",0.401263060761621,0.403,0.0155109960995418,0.363046321719568,0.442953678280432,20260974,TRUE
46,10,"anova_4group",100,"bonferroni",0.0488898695342281,0.039,0.00612200947402076,0.0232307486002133,0.0547692513997867,20260974,TRUE
46,10,"anova_4group",100,"bh",0.05,0.039,0.00612200947402076,0.0232307486002133,0.0547692513997867,20260974,TRUE
47,15,"anova_4group",100,"uncorrected",0.536708769840247,0.516,0.0158032907965398,0.475293420473768,0.556706579526232,20260975,TRUE
47,15,"anova_4group",100,"bonferroni",0.0488500178956324,0.048,0.00675988165576883,0.030587698742548,0.065412301257452,20260975,TRUE
47,15,"anova_4group",100,"bh",0.05,0.049,0.00682634602111554,0.0314164978826462,0.0665835021173539,20260975,TRUE
48,20,"anova_4group",100,"uncorrected",0.641514077591458,0.607,0.015445096309185,0.567216068330666,0.646783931669334,20260976,TRUE
48,20,"anova_4group",100,"bonferroni",0.0488301247468332,0.046,0.00662449998113065,0.0289364188272445,0.0630635811727555,20260976,TRUE
48,20,"anova_4group",100,"bh",0.05,0.046,0.00662449998113065,0.0289364188272445,0.0630635811727555,20260976,TRUE
