"marker","quartile","n_paper_cuts","n_our_quartiles","frail_n_paper_cuts","frail_n_our_quartiles","pct_same_quartile"
"NLR","Q1",3488,3514,647,650,99
"NLR","Q2",3503,3516,652,659,99
"NLR","Q3",3474,3512,706,720,99
"NLR","Q4",3589,3512,1016,992,99
"MLR","Q1",3513,3580,718,730,97.8
"MLR","Q2",3749,3475,701,644,97.8
"MLR","Q3",3411,3582,705,741,97.8
"MLR","Q4",3381,3417,897,906,97.8
"SIRI","Q1",3445,3518,601,614,98.7
"SIRI","Q2",3519,3510,639,637,98.7
"SIRI","Q3",3538,3517,754,756,98.7
"SIRI","Q4",3552,3509,1027,1014,98.7
"SII","Q1",3399,3516,696,716,97.7
"SII","Q2",3494,3511,625,632,97.7
"SII","Q3",3577,3513,705,697,97.7
"SII","Q4",3584,3514,995,976,97.7
