"marker","family","method","contrast","estimate","statistic","df","p_raw","p_method_adjusted","p_is_upper_bound","p_bonf_within","p_bh_within","p_bonf_all24","p_bh_all24"
"NLR","omnibus","Kruskal-Wallis","Q1=Q2=Q3=Q4",NA,249.11977301429,"3",1.01439178485391e-53,NA,FALSE,NA,NA,NA,NA
"NLR","omnibus","one-way ANOVA","Q1=Q2=Q3=Q4",NA,82.7098980117848,"3, 14050",4.86197811116901e-53,NA,FALSE,NA,NA,NA,NA
"NLR","omnibus","Welch ANOVA","Q1=Q2=Q3=Q4",NA,77.7656852074029,"3, 7802.2",1.45951116535968e-49,NA,FALSE,NA,NA,NA,NA
"NLR","posthoc","Dunn (Holm)","Q2-Q1",NA,1.02156754952912,NA,NA,0.306985622910507,FALSE,NA,NA,NA,NA
"NLR","posthoc","Dunn (Holm)","Q3-Q1",NA,4.82278357328438,NA,NA,4.24705662675696e-06,FALSE,NA,NA,NA,NA
"NLR","posthoc","Dunn (Holm)","Q3-Q2",NA,3.80204725849514,NA,NA,0.000287010689566126,FALSE,NA,NA,NA,NA
"NLR","posthoc","Dunn (Holm)","Q4-Q1",NA,14.1488515954129,NA,NA,1.13899199296569e-44,FALSE,NA,NA,NA,NA
"NLR","posthoc","Dunn (Holm)","Q4-Q2",NA,13.1294414185616,NA,NA,1.11648764108683e-38,FALSE,NA,NA,NA,NA
"NLR","posthoc","Dunn (Holm)","Q4-Q3",NA,9.32474094022608,NA,NA,4.45020174569495e-20,FALSE,NA,NA,NA,NA
"NLR","posthoc","Games-Howell","Q2-Q1",0.00256008467663266,1.23481887478142,NA,NA,0.818773566074424,FALSE,NA,NA,NA,NA
"NLR","posthoc","Games-Howell","Q3-Q1",0.0129084413848426,6.19256345305274,NA,NA,7.14219059384513e-05,FALSE,NA,NA,NA,NA
"NLR","posthoc","Games-Howell","Q3-Q2",0.0103483567082099,4.98015692253946,NA,NA,0.0024374824114527,FALSE,NA,NA,NA,NA
"NLR","posthoc","Games-Howell","Q4-Q1",0.042046086315654,19.4758989301648,NA,NA,1e-08,TRUE,NA,NA,NA,NA
"NLR","posthoc","Games-Howell","Q4-Q2",0.0394860016390213,18.3441121108649,NA,NA,1e-08,TRUE,NA,NA,NA,NA
"NLR","posthoc","Games-Howell","Q4-Q3",0.0291376449308114,13.4686764927508,NA,NA,1e-08,TRUE,NA,NA,NA,NA
"NLR","posthoc","TukeyHSD","Q2-Q1",0.00256008467663163,NA,NA,NA,0.828158813253505,FALSE,NA,NA,NA,NA
"NLR","posthoc","TukeyHSD","Q3-Q1",0.0129084413848425,NA,NA,NA,9.77771010561845e-05,FALSE,NA,NA,NA,NA
"NLR","posthoc","TukeyHSD","Q3-Q2",0.0103483567082108,NA,NA,NA,0.00311016935204589,FALSE,NA,NA,NA,NA
"NLR","posthoc","TukeyHSD","Q4-Q1",0.0420460863156549,NA,NA,NA,1e-08,TRUE,NA,NA,NA,NA
"NLR","posthoc","TukeyHSD","Q4-Q2",0.0394860016390232,NA,NA,NA,1e-08,TRUE,NA,NA,NA,NA
"NLR","posthoc","TukeyHSD","Q4-Q3",0.0291376449308124,NA,NA,NA,1e-08,TRUE,NA,NA,NA,NA
"NLR","pairwise_t","Welch t (pairwise.t.test, pool.sd = FALSE)","Q2-Q1",0.00256008467663266,NA,NA,0.3826118105612,NA,FALSE,1,0.3826118105612,1,0.4173947024304
"NLR","pairwise_t","Welch t (pairwise.t.test, pool.sd = FALSE)","Q3-Q1",0.0129084413848426,NA,NA,1.21063401419119e-05,NA,FALSE,7.26380408514716e-05,1.81595102128679e-05,0.000290552163405886,1.93701442270591e-05
"NLR","pairwise_t","Welch t (pairwise.t.test, pool.sd = FALSE)","Q3-Q2",0.0103483567082099,NA,NA,0.000431831788660366,NA,FALSE,0.0025909907319622,0.000518198146392439,0.0103639629278488,0.000609644878108752
"NLR","pairwise_t","Welch t (pairwise.t.test, pool.sd = FALSE)","Q4-Q1",0.042046086315654,NA,NA,1.3562667878076e-42,NA,FALSE,8.13760072684559e-42,8.13760072684559e-42,3.25504029073824e-41,1.08501343024608e-41
"NLR","pairwise_t","Welch t (pairwise.t.test, pool.sd = FALSE)","Q4-Q2",0.0394860016390213,NA,NA,4.88743294002786e-38,NA,FALSE,2.93245976401672e-37,1.46622988200836e-37,1.17298390560669e-36,2.93245976401672e-37
"NLR","pairwise_t","Welch t (pairwise.t.test, pool.sd = FALSE)","Q4-Q3",0.0291376449308114,NA,NA,2.24965822425391e-21,NA,FALSE,1.34979493455235e-20,4.49931644850783e-21,5.39917973820939e-20,6.74897467276174e-21
"MLR","omnibus","Kruskal-Wallis","Q1=Q2=Q3=Q4",NA,174.773717564791,"3",1.18580008263479e-37,NA,FALSE,NA,NA,NA,NA
"MLR","omnibus","one-way ANOVA","Q1=Q2=Q3=Q4",NA,54.2913118515953,"3, 14050",6.97960027365757e-35,NA,FALSE,NA,NA,NA,NA
"MLR","omnibus","Welch ANOVA","Q1=Q2=Q3=Q4",NA,52.7857515182635,"3, 7796.7",9.07535301819894e-34,NA,FALSE,NA,NA,NA,NA
"MLR","posthoc","Dunn (Holm)","Q2-Q1",NA,2.43979170649762,NA,NA,0.0293914651836699,FALSE,NA,NA,NA,NA
"MLR","posthoc","Dunn (Holm)","Q3-Q1",NA,0.793346776515539,NA,NA,0.427575810769632,FALSE,NA,NA,NA,NA
"MLR","posthoc","Dunn (Holm)","Q3-Q2",NA,3.22754656425124,NA,NA,0.00374570153826369,FALSE,NA,NA,NA,NA
"MLR","posthoc","Dunn (Holm)","Q4-Q1",NA,9.98324952525518,NA,NA,9.02290166158364e-23,FALSE,NA,NA,NA,NA
"MLR","posthoc","Dunn (Holm)","Q4-Q2",NA,12.3220225676119,NA,NA,4.1365907080531e-34,FALSE,NA,NA,NA,NA
"MLR","posthoc","Dunn (Holm)","Q4-Q3",NA,9.20056188151303,NA,NA,1.42433146277923e-19,FALSE,NA,NA,NA,NA
"MLR","posthoc","Games-Howell","Q2-Q1",-0.00792573500871774,-3.77722821202427,NA,NA,0.0380025158533424,FALSE,NA,NA,NA,NA
"MLR","posthoc","Games-Howell","Q3-Q1",0.00146059064829532,0.694583949523782,NA,NA,0.961090076755222,FALSE,NA,NA,NA,NA
"MLR","posthoc","Games-Howell","Q3-Q2",0.00938632565701306,4.50727848950031,NA,NA,0.00787089736603719,FALSE,NA,NA,NA,NA
"MLR","posthoc","Games-Howell","Q4-Q1",0.0283985135694195,13.0935222537138,NA,NA,1e-08,TRUE,NA,NA,NA,NA
"MLR","posthoc","Games-Howell","Q4-Q2",0.0363242485781373,16.9014669116243,NA,NA,1e-08,TRUE,NA,NA,NA,NA
"MLR","posthoc","Games-Howell","Q4-Q3",0.0269379229211242,12.5082971897734,NA,NA,1e-08,TRUE,NA,NA,NA,NA
"MLR","posthoc","TukeyHSD","Q2-Q1",-0.00792573500872015,NA,NA,NA,0.0410887071378416,FALSE,NA,NA,NA,NA
"MLR","posthoc","TukeyHSD","Q3-Q1",0.00146059064829215,NA,NA,NA,0.96120283487512,FALSE,NA,NA,NA,NA
"MLR","posthoc","TukeyHSD","Q3-Q2",0.00938632565701231,NA,NA,NA,0.00950032858081518,FALSE,NA,NA,NA,NA
"MLR","posthoc","TukeyHSD","Q4-Q1",0.0283985135694152,NA,NA,NA,1e-08,TRUE,NA,NA,NA,NA
"MLR","posthoc","TukeyHSD","Q4-Q2",0.0363242485781353,NA,NA,NA,1e-08,TRUE,NA,NA,NA,NA
"MLR","posthoc","TukeyHSD","Q4-Q3",0.026937922921123,NA,NA,NA,1e-08,TRUE,NA,NA,NA,NA
"MLR","pairwise_t","Welch t (pairwise.t.test, pool.sd = FALSE)","Q2-Q1",-0.00792573500871774,NA,NA,0.00758209748460712,NA,FALSE,0.0454925849076427,0.00909851698152855,0.181970339630571,0.00909851698152855
"MLR","pairwise_t","Welch t (pairwise.t.test, pool.sd = FALSE)","Q3-Q1",0.00146059064829532,NA,NA,0.623338938167359,NA,FALSE,1,0.623338938167359,1,0.623338938167359
"MLR","pairwise_t","Welch t (pairwise.t.test, pool.sd = FALSE)","Q3-Q2",0.00938632565701306,NA,NA,0.00144320505949279,NA,FALSE,0.00865923035695677,0.00216480758923919,0.0346369214278271,0.00192427341265706
"MLR","pairwise_t","Welch t (pairwise.t.test, pool.sd = FALSE)","Q4-Q1",0.0283985135694195,NA,NA,2.7094768085635e-20,NA,FALSE,1.6256860851381e-19,8.12843042569049e-20,6.50274434055239e-19,7.22527148950266e-20
"MLR","pairwise_t","Welch t (pairwise.t.test, pool.sd = FALSE)","Q4-Q2",0.0363242485781373,NA,NA,1.34804353327718e-32,NA,FALSE,8.08826119966306e-32,8.08826119966306e-32,3.23530447986522e-31,5.39217413310871e-32
"MLR","pairwise_t","Welch t (pairwise.t.test, pool.sd = FALSE)","Q4-Q3",0.0269379229211242,NA,NA,1.14830966541242e-18,NA,FALSE,6.88985799247451e-18,2.29661933082484e-18,2.7559431969898e-17,2.50540290635437e-18
"SIRI","omnibus","Kruskal-Wallis","Q1=Q2=Q3=Q4",NA,333.344766451131,"3",6.02264947936511e-72,NA,FALSE,NA,NA,NA,NA
"SIRI","omnibus","one-way ANOVA","Q1=Q2=Q3=Q4",NA,110.320377473724,"3, 14050",1.33105036754864e-70,NA,FALSE,NA,NA,NA,NA
"SIRI","omnibus","Welch ANOVA","Q1=Q2=Q3=Q4",NA,105.767765936092,"3, 7800.6",4.05839847789022e-67,NA,FALSE,NA,NA,NA,NA
"SIRI","posthoc","Dunn (Holm)","Q2-Q1",NA,0.985365521827033,NA,NA,0.32444455895507,FALSE,NA,NA,NA,NA
"SIRI","posthoc","Dunn (Holm)","Q3-Q1",NA,7.55866693362441,NA,NA,1.2216634521643e-13,FALSE,NA,NA,NA,NA
"SIRI","posthoc","Dunn (Holm)","Q3-Q2",NA,6.5690687237502,NA,NA,1.01261828434952e-10,FALSE,NA,NA,NA,NA
"SIRI","posthoc","Dunn (Holm)","Q4-Q1",NA,16.1654835672408,NA,NA,5.30052014145345e-58,FALSE,NA,NA,NA,NA
"SIRI","posthoc","Dunn (Holm)","Q4-Q2",NA,15.1715570858461,NA,NA,2.72834002306085e-51,FALSE,NA,NA,NA,NA
"SIRI","posthoc","Dunn (Holm)","Q4-Q3",NA,8.61051046736989,NA,NA,2.9094383099166e-17,FALSE,NA,NA,NA,NA
"SIRI","posthoc","Games-Howell","Q2-Q1",0.0025366227082414,1.24389601517874,NA,NA,0.815479510003076,FALSE,NA,NA,NA,NA
"SIRI","posthoc","Games-Howell","Q3-Q1",0.0217107678420538,10.4134371213018,NA,NA,1e-08,TRUE,NA,NA,NA,NA
"SIRI","posthoc","Games-Howell","Q3-Q2",0.0191741451338124,9.18654899238607,NA,NA,1e-08,TRUE,NA,NA,NA,NA
"SIRI","posthoc","Games-Howell","Q4-Q1",0.0480207207370711,22.4613198834364,NA,NA,1e-08,TRUE,NA,NA,NA,NA
"SIRI","posthoc","Games-Howell","Q4-Q2",0.0454840980288297,21.2523656657226,NA,NA,1e-08,TRUE,NA,NA,NA,NA
"SIRI","posthoc","Games-Howell","Q4-Q3",0.0263099528950173,12.0483037634858,NA,NA,1e-08,TRUE,NA,NA,NA,NA
"SIRI","posthoc","TukeyHSD","Q2-Q1",0.00253662270823546,NA,NA,NA,0.830898713624494,FALSE,NA,NA,NA,NA
"SIRI","posthoc","TukeyHSD","Q3-Q1",0.0217107678420512,NA,NA,NA,1e-08,TRUE,NA,NA,NA,NA
"SIRI","posthoc","TukeyHSD","Q3-Q2",0.0191741451338157,NA,NA,NA,1e-08,TRUE,NA,NA,NA,NA
"SIRI","posthoc","TukeyHSD","Q4-Q1",0.0480207207370655,NA,NA,NA,1e-08,TRUE,NA,NA,NA,NA
"SIRI","posthoc","TukeyHSD","Q4-Q2",0.04548409802883,NA,NA,NA,1e-08,TRUE,NA,NA,NA,NA
"SIRI","posthoc","TukeyHSD","Q4-Q3",0.0263099528950143,NA,NA,NA,1e-08,TRUE,NA,NA,NA,NA
"SIRI","pairwise_t","Welch t (pairwise.t.test, pool.sd = FALSE)","Q2-Q1",0.0025366227082414,NA,NA,0.379123837637742,NA,FALSE,1,0.379123837637742,1,0.4173947024304
"SIRI","pairwise_t","Welch t (pairwise.t.test, pool.sd = FALSE)","Q3-Q1",0.0217107678420538,NA,NA,1.99712757796486e-13,NA,FALSE,1.19827654677891e-12,2.99569136694728e-13,4.79310618711565e-12,3.68700475931973e-13
"SIRI","pairwise_t","Welch t (pairwise.t.test, pool.sd = FALSE)","Q3-Q2",0.0191741451338124,NA,NA,8.82037682956397e-11,NA,FALSE,5.29222609773838e-10,1.05844521954768e-10,2.11689043909535e-09,1.51206459935382e-10
"SIRI","pairwise_t","Welch t (pairwise.t.test, pool.sd = FALSE)","Q4-Q1",0.0480207207370711,NA,NA,7.92874548576797e-56,NA,FALSE,4.75724729146078e-55,4.75724729146078e-55,1.90289891658431e-54,1.90289891658431e-54
"SIRI","pairwise_t","Welch t (pairwise.t.test, pool.sd = FALSE)","Q4-Q2",0.0454840980288297,NA,NA,2.95189502620334e-50,NA,FALSE,1.77113701572201e-49,8.85568507861003e-50,7.08454806288803e-49,3.54227403144401e-49
"SIRI","pairwise_t","Welch t (pairwise.t.test, pool.sd = FALSE)","Q4-Q3",0.0263099528950173,NA,NA,1.9422203153194e-17,NA,FALSE,1.16533218919164e-16,3.8844406306388e-17,4.66132875676656e-16,3.8844406306388e-17
"SII","omnibus","Kruskal-Wallis","Q1=Q2=Q3=Q4",NA,180.386253941866,"3",7.27867462329929e-39,NA,FALSE,NA,NA,NA,NA
"SII","omnibus","one-way ANOVA","Q1=Q2=Q3=Q4",NA,62.6964150319425,"3, 14050",2.92723470262536e-40,NA,FALSE,NA,NA,NA,NA
"SII","omnibus","Welch ANOVA","Q1=Q2=Q3=Q4",NA,58.6337995007941,"3, 7801.5",1.77813112557601e-37,NA,FALSE,NA,NA,NA,NA
"SII","posthoc","Dunn (Holm)","Q2-Q1",NA,3.06381201029418,NA,NA,0.00437072375638051,FALSE,NA,NA,NA,NA
"SII","posthoc","Dunn (Holm)","Q3-Q1",NA,0.864727575735226,NA,NA,0.38718833038604,FALSE,NA,NA,NA,NA
"SII","posthoc","Dunn (Holm)","Q3-Q2",NA,3.92757859078592,NA,NA,0.000257416159339525,FALSE,NA,NA,NA,NA
"SII","posthoc","Dunn (Holm)","Q4-Q1",NA,9.70465145331366,NA,NA,1.44029574364407e-21,FALSE,NA,NA,NA,NA
"SII","posthoc","Dunn (Holm)","Q4-Q2",NA,12.7645756608884,NA,NA,1.55133484921486e-36,FALSE,NA,NA,NA,NA
"SII","posthoc","Dunn (Holm)","Q4-Q3",NA,8.83797621885895,NA,NA,3.89872065033852e-18,FALSE,NA,NA,NA,NA
"SII","posthoc","Games-Howell","Q2-Q1",-0.00887063068579191,-4.27048479890273,NA,NA,0.0135395913605739,FALSE,NA,NA,NA,NA
"SII","posthoc","Games-Howell","Q3-Q1",0.00160108268161382,0.76686434864757,NA,NA,0.948640261741205,FALSE,NA,NA,NA,NA
"SII","posthoc","Games-Howell","Q3-Q2",0.0104717133674057,5.06189864633825,NA,NA,0.00196696733961343,FALSE,NA,NA,NA,NA
"SII","posthoc","Games-Howell","Q4-Q1",0.0299149853642883,13.7460059814013,NA,NA,1e-08,TRUE,NA,NA,NA,NA
"SII","posthoc","Games-Howell","Q4-Q2",0.0387856160500802,17.9733433162596,NA,NA,1e-08,TRUE,NA,NA,NA,NA
"SII","posthoc","Games-Howell","Q4-Q3",0.0283139026826744,13.0587660962217,NA,NA,1e-08,TRUE,NA,NA,NA,NA
"SII","posthoc","TukeyHSD","Q2-Q1",-0.0088706306857898,NA,NA,NA,0.0165756763085672,FALSE,NA,NA,NA,NA
"SII","posthoc","TukeyHSD","Q3-Q1",0.00160108268161205,NA,NA,NA,0.950972911810173,FALSE,NA,NA,NA,NA
"SII","posthoc","TukeyHSD","Q3-Q2",0.0104717133674019,NA,NA,NA,0.00276065331033759,FALSE,NA,NA,NA,NA
"SII","posthoc","TukeyHSD","Q4-Q1",0.0299149853642862,NA,NA,NA,1e-08,TRUE,NA,NA,NA,NA
"SII","posthoc","TukeyHSD","Q4-Q2",0.038785616050076,NA,NA,NA,1e-08,TRUE,NA,NA,NA,NA
"SII","posthoc","TukeyHSD","Q4-Q3",0.0283139026826741,NA,NA,NA,1e-08,TRUE,NA,NA,NA,NA
"SII","pairwise_t","Welch t (pairwise.t.test, pool.sd = FALSE)","Q2-Q1",-0.00887063068579191,NA,NA,0.00253944069723762,NA,FALSE,0.0152366441834257,0.00304732883668515,0.0609465767337029,0.00320771456493173
"SII","pairwise_t","Welch t (pairwise.t.test, pool.sd = FALSE)","Q3-Q1",0.00160108268161382,NA,NA,0.58766005995375,NA,FALSE,1,0.58766005995375,1,0.613210497343044
"SII","pairwise_t","Welch t (pairwise.t.test, pool.sd = FALSE)","Q3-Q2",0.0104717133674057,NA,NA,0.000346837371112331,NA,FALSE,0.00208102422667399,0.000520256056668497,0.00832409690669595,0.000520256056668497
"SII","pairwise_t","Welch t (pairwise.t.test, pool.sd = FALSE)","Q4-Q1",0.0299149853642883,NA,NA,3.42611247205993e-22,NA,FALSE,2.05566748323596e-21,1.02783374161798e-21,8.22266993294382e-21,1.17466713327769e-21
"SII","pairwise_t","Welch t (pairwise.t.test, pool.sd = FALSE)","Q4-Q2",0.0387856160500802,NA,NA,1.33912970842005e-36,NA,FALSE,8.03477825052027e-36,8.03477825052027e-36,3.21391130020811e-35,6.42782260041622e-36
"SII","pairwise_t","Welch t (pairwise.t.test, pool.sd = FALSE)","Q4-Q3",0.0283139026826744,NA,NA,3.39771052942454e-20,NA,FALSE,2.03862631765473e-19,6.79542105884909e-20,8.15450527061891e-19,8.15450527061891e-20
