"condition","scenario","n","test","h0_true","expected_break","target","estimate","se","lower","upper","ks_stat","ks_p","seed","rate_pass","ks_pass"
1,"null_equal","10","anova",TRUE,FALSE,0.05,0.0495,0.00216909543358516,0.0439127804199772,0.0550872195800228,0.00937106869266336,0.343582699770248,"10407,-460896443,-1121418594,-1232207356,389897712,-431245139,2020946917",TRUE,TRUE
1,"null_equal","10","welch",TRUE,FALSE,0.05,0.0507,0.00219384388687983,0.0450490326287633,0.0563509673712367,0.010766396853239,0.196692590759531,"10407,-460896443,-1121418594,-1232207356,389897712,-431245139,2020946917",TRUE,TRUE
1,"null_equal","10","kruskal",TRUE,FALSE,0.05,0.0436,0.0020420342798298,0.038340068263163,0.048859931736837,0.0223480208885623,9.1833484480744e-05,"10407,-460896443,-1121418594,-1232207356,389897712,-431245139,2020946917",FALSE,FALSE
1,"null_equal","10","jt",TRUE,FALSE,0.05,0.0513,0.00220608952674183,0.0456174899507661,0.0569825100492339,0.0149497226065425,0.0228972505194691,"10407,-460896443,-1121418594,-1232207356,389897712,-431245139,2020946917",TRUE,TRUE
2,"null_equal","50","anova",TRUE,FALSE,0.05,0.0512,0.00220405444578849,0.0455227319719208,0.0568772680280792,0.0070390379390929,0.704727019998386,"10407,47120941,-222067185,572662812,-1361346706,-1712630569,-531047460",TRUE,TRUE
2,"null_equal","50","welch",TRUE,FALSE,0.05,0.0521,0.00222228688517032,0.0463757683202859,0.0578242316797141,0.00636607638192633,0.812431251038863,"10407,47120941,-222067185,572662812,-1361346706,-1712630569,-531047460",TRUE,TRUE
2,"null_equal","50","kruskal",TRUE,FALSE,0.05,0.0491,0.00216076815045021,0.0435342300798952,0.0546657699201048,0.0105885250066487,0.212165453900502,"10407,47120941,-222067185,572662812,-1361346706,-1712630569,-531047460",TRUE,TRUE
2,"null_equal","50","jt",TRUE,FALSE,0.05,0.0489,0.00215658966889856,0.0433449931351203,0.0544550068648797,0.00523536248020362,0.946868612297321,"10407,47120941,-222067185,572662812,-1361346706,-1712630569,-531047460",TRUE,TRUE
3,"null_equal","200","anova",TRUE,FALSE,0.05,0.0456,0.00208616010890823,0.0402264076595794,0.0509735923404206,0.00856166806907602,0.455999865345036,"10407,487781963,-657693375,1774206499,486068529,2005021954,1030384825",TRUE,TRUE
3,"null_equal","200","welch",TRUE,FALSE,0.05,0.0459,0.00209268225012781,0.0405096077371041,0.0512903922628959,0.0105545370823301,0.21522537572156,"10407,487781963,-657693375,1774206499,486068529,2005021954,1030384825",TRUE,TRUE
3,"null_equal","200","kruskal",TRUE,FALSE,0.05,0.0449,0.0020708449966137,0.0395658567746148,0.0502341432253852,0.00742668825492466,0.639519103750716,"10407,487781963,-657693375,1774206499,486068529,2005021954,1030384825",TRUE,TRUE
3,"null_equal","200","jt",TRUE,FALSE,0.05,0.0485,0.00214820273717357,0.0429665964396244,0.0540334035603756,0.00587306901940711,0.880630228350597,"10407,487781963,-657693375,1774206499,486068529,2005021954,1030384825",TRUE,TRUE
4,"contrast","10/20/30/40","anova",TRUE,TRUE,0.05,0.1924,0.00394185540069648,0.182246453348534,0.202553546651466,0.189185762025577,2.64338432573703e-311,"10407,1405727377,-1988596046,-1679117963,-1089791400,-828968896,1977718810",NA,NA
4,"contrast","10/20/30/40","welch",TRUE,FALSE,0.05,0.0539,0.00225820260384227,0.0480832555596727,0.0597167444403273,0.0109786945951541,0.179386798377235,"10407,1405727377,-1988596046,-1679117963,-1089791400,-828968896,1977718810",TRUE,TRUE
4,"contrast","10/20/30/40","kruskal",FALSE,FALSE,NA,0.1054,0.0030706813576143,0.0974904489771958,0.113309551022804,0.116299497020804,6.59774555443133e-118,"10407,1405727377,-1988596046,-1679117963,-1089791400,-828968896,1977718810",NA,NA
4,"contrast","10/20/30/40","jt",FALSE,FALSE,NA,0.0738,0.00261445137648418,0.0670656195317483,0.0805343804682517,0.0533697684884039,3.6368965989761e-25,"10407,1405727377,-1988596046,-1679117963,-1089791400,-828968896,1977718810",NA,NA
