"item","source","nhanes_files_and_variables","scoring_rule","missing_data_rule","deviation_note"
"1. Angina/angina pectoris","S1 obtained (paper supplement, Table S1)","MCQ/MCQ_B..MCQ_I: MCQ160D (all 9 cycles, stable name)","1 if MCQ160D=1(yes), 0 if =2(no)","item-level: if response missing/refused/don't know, item excluded from that participant's FI numerator and denominator (proportional scoring)","paper_says = not stated (S1 gives item name only, not the exact NHANES variable); our variable choice is standard"
"2. Heart attack","S1 obtained","MCQ/MCQ_B..MCQ_I: MCQ160E (stable)","1 if yes, 0 if no","item-level: if response missing/refused/don't know, item excluded from that participant's FI numerator and denominator (proportional scoring)",""
"3. Coronary heart disease","S1 obtained","MCQ/MCQ_B..MCQ_I: MCQ160C (stable)","1 if yes, 0 if no","item-level: if response missing/refused/don't know, item excluded from that participant's FI numerator and denominator (proportional scoring)",""
"4. Stroke","S1 obtained","MCQ/MCQ_B..MCQ_I: MCQ160F (stable)","1 if yes, 0 if no","item-level: if response missing/refused/don't know, item excluded from that participant's FI numerator and denominator (proportional scoring)",""
"5. Thyroid condition","S1 obtained","MCQ/MCQ_B: MCQ160I (1999-2002); MCQ_C..MCQ_I: MCQ160M (2003-2016)","1 if yes, 0 if no","item-level: if response missing/refused/don't know, item excluded from that participant's FI numerator and denominator (proportional scoring)","variable renamed mid-series (MCQ160I -> MCQ160M); early cycles also distinguish 'goiter'(MCQ160H) from 'another thyroid disease'(MCQ160I) - we use the general thyroid-disease item to match 'another thyroid problem' wording used from 2003 on"
"6. Cancer","S1 obtained","MCQ/MCQ_B..MCQ_I: MCQ220 (stable)","1 if yes, 0 if no","item-level: if response missing/refused/don't know, item excluded from that participant's FI numerator and denominator (proportional scoring)",""
"7. Arthritis","S1 obtained","MCQ/MCQ_B..MCQ_I: MCQ160A (stable)","1 if yes, 0 if no","item-level: if response missing/refused/don't know, item excluded from that participant's FI numerator and denominator (proportional scoring)",""
"8. High blood pressure","S1 obtained","BPQ/BPQ_B..BPQ_I: BPQ020 (stable)","1 if yes, 0 if no","item-level: if response missing/refused/don't know, item excluded from that participant's FI numerator and denominator (proportional scoring)",""
"9. Diabetes mellitus","S1 obtained","DIQ/DIQ_B..DIQ_I: DIQ010 (stable)","1 if DIQ010=1(yes); 0 if =2(no); borderline(=3) scored 0.5","item-level: if response missing/refused/don't know, item excluded from that participant's FI numerator and denominator (proportional scoring)","paper_says = not stated how 'borderline diabetes' (DIQ010=3) is scored; we use the common Rockwood-index convention of a half-point graded score"
"10. Weak/failing kidneys","S1 obtained","KIQ (1999-2000): KIQ020; KIQ_U_B..KIQ_U_I (2001-2016): KIQ022","1 if yes, 0 if no","item-level: if response missing/refused/don't know, item excluded from that participant's FI numerator and denominator (proportional scoring)","file renamed KIQ -> KIQ_U_x and variable renamed KIQ020 -> KIQ022 between 1999-2000 and 2001-2002"
"11. Confusion or inability to remember things","S1 obtained","PFQ/PFQ_B: PFQ056 (1999-2002); PFQ_C..PFQ_I: PFQ057 (2003-2016)","1 if limited by confusion/memory problems, 0 if not","item-level: if response missing/refused/don't know, item excluded from that participant's FI numerator and denominator (proportional scoring)","variable renamed mid-series (PFQ056 -> PFQ057)"
"12. Difficulty managing money","S1 obtained","PFQ family - exact variable NOT YET CONFIRMED","1 if 'a lot of difficulty' or 'unable to do', 0 if 'no difficulty'/'some difficulty' (rule to be finalized once variable confirmed)","item-level: if response missing/refused/don't know, item excluded from that participant's FI numerator and denominator (proportional scoring)","paper_says = not stated; our metadata pull of the PFQ060(1999-2002)/PFQ061(2003-2016) difficulty-with-activity letter series did not clearly surface a 'managing money' item - needs confirmation via nhanesCodebook() per cycle in the build script before this item can be coded; flagged as an OPEN ISSUE"
"13. Difficulty stooping, crouching, kneeling","S1 obtained","PFQ/PFQ_B: PFQ060C (1999-2002, tentative letter); PFQ_C..PFQ_I: PFQ061C (2003-2016)","1 if any difficulty reported, 0 if no difficulty","item-level: if response missing/refused/don't know, item excluded from that participant's FI numerator and denominator (proportional scoring)","letter position taken from NHANES variable-list description order pulled via nhanesA; to be verified against nhanesCodebook() text per cycle in the build script since letter-to-activity mapping shifted between the two questionnaire eras"
"14. Difficulty lifting or carrying","S1 obtained","PFQ060D (1999-2002, tentative); PFQ061D (2003-2016)","1 if any difficulty reported, 0 if no difficulty","item-level: if response missing/refused/don't know, item excluded from that participant's FI numerator and denominator (proportional scoring)","same letter-mapping caveat as item 13 - verify via codebook at build time"
"15. Difficulty walking between rooms on same floor","S1 obtained","PFQ060G (1999-2002, tentative); PFQ061G (2003-2016)","1 if any difficulty reported, 0 if no difficulty","item-level: if response missing/refused/don't know, item excluded from that participant's FI numerator and denominator (proportional scoring)","same letter-mapping caveat as item 13 - verify via codebook at build time"
"16. Difficulty standing up from an armless chair","S1 obtained","PFQ060H (1999-2002, tentative); PFQ061H (2003-2016)","1 if any difficulty reported, 0 if no difficulty","item-level: if response missing/refused/don't know, item excluded from that participant's FI numerator and denominator (proportional scoring)","same letter-mapping caveat as item 13 - verify via codebook at build time"
"17. Difficulty getting in and out of bed","S1 obtained","PFQ060I (1999-2002, tentative); PFQ061I (2003-2016)","1 if any difficulty reported, 0 if no difficulty","item-level: if response missing/refused/don't know, item excluded from that participant's FI numerator and denominator (proportional scoring)","same letter-mapping caveat as item 13 - verify via codebook at build time"
"18. Difficulty dressing yourself","S1 obtained","PFQ060K (1999-2002, tentative); PFQ061K (2003-2016)","1 if any difficulty reported, 0 if no difficulty","item-level: if response missing/refused/don't know, item excluded from that participant's FI numerator and denominator (proportional scoring)","same letter-mapping caveat as item 13 - verify via codebook at build time"
"19. Difficulty grasping/holding small objects","S1 obtained","PFQ060O (1999-2002, tentative); PFQ061O (2003-2016)","1 if any difficulty reported, 0 if no difficulty","item-level: if response missing/refused/don't know, item excluded from that participant's FI numerator and denominator (proportional scoring)","same letter-mapping caveat as item 13 - verify via codebook at build time"
"20. Difficulty attending social events","S1 obtained","PFQ060Q (1999-2002, tentative); PFQ061Q (2003-2016)","1 if any difficulty reported, 0 if no difficulty","item-level: if response missing/refused/don't know, item excluded from that participant's FI numerator and denominator (proportional scoring)","same letter-mapping caveat as item 13 - verify via codebook at build time"
"21. Self-reported health","S1 obtained","HUQ/HUQ_B..HUQ_I: HUQ010 (stable, 5-level scale)","graded 0/0.25/0.5/0.75/1 across excellent..poor (standard Rockwood graded coding)","item-level: if response missing/refused/don't know, item excluded from that participant's FI numerator and denominator (proportional scoring)","paper_says = not stated whether this item is graded or binarized; we use the standard 5-level graded Rockwood coding rather than a 0/1 cut"
"22. Frequency of healthcare use","S1 obtained","HUQ050 (cycles where present) / HUQ051 (renamed cycles, cutover TBD)","1 if visits above a chosen high-use cutoff, 0 otherwise (cutoff TBD)","item-level: if response missing/refused/don't know, item excluded from that participant's FI numerator and denominator (proportional scoring)","paper_says = not stated; neither the cutoff for 'high' healthcare use nor the exact renumbering cycle for HUQ050->HUQ051 is finalized - OPEN ISSUE for build"
"23. Health compared to 1 year ago","S1 obtained","HUQ/HUQ_B..HUQ_I: HUQ020 (stable)","1 if 'worse now' (or 'somewhat/much worse'), 0 if 'same' or 'better'","item-level: if response missing/refused/don't know, item excluded from that participant's FI numerator and denominator (proportional scoring)",""
"24. Overnight hospital stays","S1 obtained","HUQ070 (cycles where present) / HUQ071 (renamed cycles, cutover TBD)","1 if any overnight hospital stay in past 12 months, 0 if none","item-level: if response missing/refused/don't know, item excluded from that participant's FI numerator and denominator (proportional scoring)","exact renumbering cutover cycle (HUQ070->HUQ071) to be confirmed at build time"
"25. Medications","S1 obtained","RXQ_RX/RXQ_RX_B..RXQ_RX_I: count of medication records per SEQN","1 if medication count >= 5 (polypharmacy), 0 if < 5 (cutoff is our choice)","participant with zero RXQ_RX records treated as 0 medications (not missing)","paper_says = not stated; Supplemental Table S1 lists 'Medications' with no cutoff given anywhere in the paper - the >=5 polypharmacy cutoff is a common convention in Rockwood-style indices, recorded here as an assumption"
"26. Pulse rate (60-99 bpm)","S1 obtained","BPX/BPX_B..BPX_I: BPXPLS","1 if <60 or >99, 0 if within 60-99","item-level: if the lab value is missing (not tested / below LOD with no substitution), item excluded from FI numerator and denominator",""
"27. Systolic blood pressure (90-140 mmHg)","S1 obtained","BPX/BPX_B..BPX_I: mean of BPXSY1-BPXSY4 (non-missing readings)","1 if <90 or >140, 0 if within 90-140","item-level: if the lab value is missing (not tested / below LOD with no substitution), item excluded from FI numerator and denominator","paper_says = not stated whether first reading or mean of replicates is used; we use the mean of available readings"
"28. Pulse pressure (30-60 mmHg)","S1 obtained","BPX/BPX_B..BPX_I: mean(BPXSY) - mean(BPXDI)","1 if <30 or >60, 0 if within 30-60","item-level: if the lab value is missing (not tested / below LOD with no substitution), item excluded from FI numerator and denominator","derived variable, not a raw NHANES field"
"29. Platelet count SI (150-450, 1000 cells/uL)","S1 obtained","CBC family (LAB25/L25_B/L25_C/CBC_D..CBC_I): LBXPLTSI","1 if <150 or >450, 0 if within range","item-level: if the lab value is missing (not tested / below LOD with no substitution), item excluded from FI numerator and denominator",""
"30. Blood urea nitrogen (3-20 mg/dL)","S1 obtained","Biochem family (LAB18/L40_B/L40_C/BIOPRO_D..BIOPRO_I): LBXSBU","1 if <3 or >20, 0 if within range","item-level: if the lab value is missing (not tested / below LOD with no substitution), item excluded from FI numerator and denominator",""
"31. Bicarbonate (<=28 mmol/L)","S1 obtained","Biochem family: LBXSC3SI","1 if >28, 0 if <=28 (one-sided per S1 wording)","item-level: if the lab value is missing (not tested / below LOD with no substitution), item excluded from FI numerator and denominator",""
"32. Red cell distribution width (<=14.6%)","S1 obtained","CBC family: LBXRDW","1 if >14.6, 0 if <=14.6 (one-sided per S1 wording)","item-level: if the lab value is missing (not tested / below LOD with no substitution), item excluded from FI numerator and denominator",""
"33. Lactate dehydrogenase (<=190 U/L)","S1 obtained","Biochem family: LBXSLDSI","1 if >190, 0 if <=190 (one-sided per S1 wording)","item-level: if the lab value is missing (not tested / below LOD with no substitution), item excluded from FI numerator and denominator",""
"34. Alkaline phosphatase (<=115 U/L)","S1 obtained","Biochem family: LBXSAPSI","1 if >115, 0 if <=115 (one-sided per S1 wording)","item-level: if the lab value is missing (not tested / below LOD with no substitution), item excluded from FI numerator and denominator",""
"35. Uric acid (M:240-510, F:160-430 umol/L)","S1 obtained","Biochem family: LBXSUASI (SI, umol/L); sex from DEMO RIAGENDR","1 if outside sex-specific range, 0 if within range","item-level: if the lab value is missing (not tested / below LOD with no substitution), item excluded from FI numerator and denominator","requires merging DEMO sex variable; sex-specific cutoffs as printed in S1"
"36. Total calcium (2.0-2.5 mmol/L)","S1 obtained","Biochem family: LBXSCASI (or LBDSCASI in some cycles - same quantity, SI units)","1 if <2.0 or >2.5, 0 if within range","item-level: if the lab value is missing (not tested / below LOD with no substitution), item excluded from FI numerator and denominator",""
