"source","table","row","col","target","digits_shown","ours","abs_diff","tolerance","status","cause","evidence"
"paper","Methods p.3","NLR","Q1 upper","1.53","2","1.5364010989011","0.0064011","0.005","mismatch","sample exclusion","FLAG suspected paper typo: no comparison operator ('Q1: 1.53'); MLR uses '<=', SIRI/SII use '<'; printed 'Q1: 1.53' | ours: unweighted sample quartiles, output/tables/04_quartile_cutoffs.csv (R/04); our analytic N 14054 vs paper 13507 (output/tables/exclusion_flow.csv; Fig. 1 rows open); marker formulas as in Methods p.2"
"paper","Methods p.3","NLR","Q2 lower","1.53","2","1.5364010989011","0.0064011","0.005","mismatch","sample exclusion","printed '> 1.53' | ours: unweighted sample quartiles, output/tables/04_quartile_cutoffs.csv (R/04); our analytic N 14054 vs paper 13507 (output/tables/exclusion_flow.csv; Fig. 1 rows open); marker formulas as in Methods p.2"
"paper","Methods p.3","NLR","Q2 upper","2.08","2","2.08695652173913","0.00695652","0.005","mismatch","sample exclusion","printed '<= 2.08' | ours: unweighted sample quartiles, output/tables/04_quartile_cutoffs.csv (R/04); our analytic N 14054 vs paper 13507 (output/tables/exclusion_flow.csv; Fig. 1 rows open); marker formulas as in Methods p.2"
"paper","Methods p.3","NLR","Q3 lower","2.08","2","2.08695652173913","0.00695652","0.005","mismatch","sample exclusion","printed '> 2.08' | ours: unweighted sample quartiles, output/tables/04_quartile_cutoffs.csv (R/04); our analytic N 14054 vs paper 13507 (output/tables/exclusion_flow.csv; Fig. 1 rows open); marker formulas as in Methods p.2"
"paper","Methods p.3","NLR","Q3 upper","2.83","2","2.85","0.02","0.005","mismatch","sample exclusion","printed '<= 2.83' | ours: unweighted sample quartiles, output/tables/04_quartile_cutoffs.csv (R/04); our analytic N 14054 vs paper 13507 (output/tables/exclusion_flow.csv; Fig. 1 rows open); marker formulas as in Methods p.2"
"paper","Methods p.3","NLR","Q4 lower","2.83","2","2.85","0.02","0.005","mismatch","sample exclusion","printed '> 2.83' | ours: unweighted sample quartiles, output/tables/04_quartile_cutoffs.csv (R/04); our analytic N 14054 vs paper 13507 (output/tables/exclusion_flow.csv; Fig. 1 rows open); marker formulas as in Methods p.2"
"paper","Methods p.3","MLR","Q1 upper","0.22","2","0.222222222222222","0.00222222","0.005","match","","printed '<= 0.22' | ours: unweighted sample quartiles, output/tables/04_quartile_cutoffs.csv (R/04)"
"paper","Methods p.3","MLR","Q2 lower","0.22","2","0.222222222222222","0.00222222","0.005","match","","printed '> 0.22' | ours: unweighted sample quartiles, output/tables/04_quartile_cutoffs.csv (R/04)"
"paper","Methods p.3","MLR","Q2 upper","0.29","2","0.285714285714286","0.00428571","0.005","match","","printed '<= 0.29' | ours: unweighted sample quartiles, output/tables/04_quartile_cutoffs.csv (R/04)"
"paper","Methods p.3","MLR","Q3 lower","0.29","2","0.285714285714286","0.00428571","0.005","match","","printed '> 0.29' | ours: unweighted sample quartiles, output/tables/04_quartile_cutoffs.csv (R/04)"
"paper","Methods p.3","MLR","Q3 upper","0.38","2","0.375","0.005","0.005","mismatch","sample exclusion","printed '<= 0.38' | ours: unweighted sample quartiles, output/tables/04_quartile_cutoffs.csv (R/04); our analytic N 14054 vs paper 13507 (output/tables/exclusion_flow.csv; Fig. 1 rows open); marker formulas as in Methods p.2"
"paper","Methods p.3","MLR","Q4 lower","0.38","2","0.375","0.005","0.005","mismatch","sample exclusion","printed '> 0.38' | ours: unweighted sample quartiles, output/tables/04_quartile_cutoffs.csv (R/04); our analytic N 14054 vs paper 13507 (output/tables/exclusion_flow.csv; Fig. 1 rows open); marker formulas as in Methods p.2"
"paper","Methods p.3","SIRI","Q1 upper","0.76","2","0.766666666666667","0.00666667","0.005","mismatch","sample exclusion","FLAG: Q1 uses '<' but Q2 uses '>', so a value exactly 0.76 falls in no quartile; MLR Q1 uses '<='; printed '< 0.76' | ours: unweighted sample quartiles, output/tables/04_quartile_cutoffs.csv (R/04); our analytic N 14054 vs paper 13507 (output/tables/exclusion_flow.csv; Fig. 1 rows open); marker formulas as in Methods p.2"
"paper","Methods p.3","SIRI","Q2 lower","0.76","2","0.766666666666667","0.00666667","0.005","mismatch","sample exclusion","printed '> 0.76' | ours: unweighted sample quartiles, output/tables/04_quartile_cutoffs.csv (R/04); our analytic N 14054 vs paper 13507 (output/tables/exclusion_flow.csv; Fig. 1 rows open); marker formulas as in Methods p.2"
"paper","Methods p.3","SIRI","Q2 upper","1.13","2","1.13846153846154","0.00846154","0.005","mismatch","sample exclusion","printed '<= 1.13' | ours: unweighted sample quartiles, output/tables/04_quartile_cutoffs.csv (R/04); our analytic N 14054 vs paper 13507 (output/tables/exclusion_flow.csv; Fig. 1 rows open); marker formulas as in Methods p.2"
"paper","Methods p.3","SIRI","Q3 lower","0.76","2","1.13846153846154","0.378462","0.005","mismatch","paper typo","FLAG suspected paper typo: Q3 lower bound 0.76 overlaps Q2 (> 0.76, <= 1.13); contiguous bound would be 1.13 (Results p.3 gives SIRI median 1.13 [IQR 0.76, 1.68]); printed '> 0.76' | ours: unweighted sample quartiles, output/tables/04_quartile_cutoffs.csv (R/04); Q3 lower bound printed as 0.76 overlaps Q2 (> 0.76, <= 1.13); Results p.3 gives SIRI IQR [0.76, 1.68], so the contiguous bound is 1.13"
"paper","Methods p.3","SIRI","Q3 upper","1.68","2","1.69230769230769","0.0123077","0.005","mismatch","sample exclusion","printed '<= 1.68' | ours: unweighted sample quartiles, output/tables/04_quartile_cutoffs.csv (R/04); our analytic N 14054 vs paper 13507 (output/tables/exclusion_flow.csv; Fig. 1 rows open); marker formulas as in Methods p.2"
"paper","Methods p.3","SIRI","Q4 lower","1.68","2","1.69230769230769","0.0123077","0.005","mismatch","sample exclusion","printed '> 1.68' | ours: unweighted sample quartiles, output/tables/04_quartile_cutoffs.csv (R/04); our analytic N 14054 vs paper 13507 (output/tables/exclusion_flow.csv; Fig. 1 rows open); marker formulas as in Methods p.2"
"paper","Methods p.3","SII","Q1 upper","339.58","2","343.636363636364","4.05636","0.005","mismatch","sample exclusion","FLAG: Q1 uses '<' but Q2 uses '>', so a value exactly 339.58 falls in no quartile; MLR Q1 uses '<='; printed '< 339.58' | ours: unweighted sample quartiles, output/tables/04_quartile_cutoffs.csv (R/04); our analytic N 14054 vs paper 13507 (output/tables/exclusion_flow.csv; Fig. 1 rows open); marker formulas as in Methods p.2"
"paper","Methods p.3","SII","Q2 lower","339.58","2","343.636363636364","4.05636","0.005","mismatch","sample exclusion","printed '> 339.58' | ours: unweighted sample quartiles, output/tables/04_quartile_cutoffs.csv (R/04); our analytic N 14054 vs paper 13507 (output/tables/exclusion_flow.csv; Fig. 1 rows open); marker formulas as in Methods p.2"
"paper","Methods p.3","SII","Q2 upper","481.85","2","487.442307692308","5.59231","0.005","mismatch","sample exclusion","printed '<= 481.85' | ours: unweighted sample quartiles, output/tables/04_quartile_cutoffs.csv (R/04); our analytic N 14054 vs paper 13507 (output/tables/exclusion_flow.csv; Fig. 1 rows open); marker formulas as in Methods p.2"
"paper","Methods p.3","SII","Q3 lower","481.85","2","487.442307692308","5.59231","0.005","mismatch","sample exclusion","printed '> 481.85' (no comma before '<= 689.61') | ours: unweighted sample quartiles, output/tables/04_quartile_cutoffs.csv (R/04); our analytic N 14054 vs paper 13507 (output/tables/exclusion_flow.csv; Fig. 1 rows open); marker formulas as in Methods p.2"
"paper","Methods p.3","SII","Q3 upper","689.61","2","695.9375","6.3275","0.005","mismatch","sample exclusion","printed '<= 689.61' | ours: unweighted sample quartiles, output/tables/04_quartile_cutoffs.csv (R/04); our analytic N 14054 vs paper 13507 (output/tables/exclusion_flow.csv; Fig. 1 rows open); marker formulas as in Methods p.2"
"paper","Methods p.3","SII","Q4 lower","689.61","2","695.9375","6.3275","0.005","mismatch","sample exclusion","printed '> 689.61' | ours: unweighted sample quartiles, output/tables/04_quartile_cutoffs.csv (R/04); our analytic N 14054 vs paper 13507 (output/tables/exclusion_flow.csv; Fig. 1 rows open); marker formulas as in Methods p.2"
"paper","Results text p.3","NLR","median","2.08","2","2.08695652173913","0.00695652","0.005","mismatch","sample exclusion","FLAG text vs table: differs from Table 1 Total column median (IQR) for the same marker | ours: unweighted sample quartiles, output/tables/04_quartile_cutoffs.csv (R/04); our analytic N 14054 vs paper 13507 (output/tables/exclusion_flow.csv; Fig. 1 rows open); marker formulas as in Methods p.2"
"paper","Results text p.3","NLR","IQR lower","1.53","2","1.5364010989011","0.0064011","0.005","mismatch","sample exclusion","FLAG text vs table: differs from Table 1 Total column median (IQR) for the same marker | ours: unweighted sample quartiles, output/tables/04_quartile_cutoffs.csv (R/04); our analytic N 14054 vs paper 13507 (output/tables/exclusion_flow.csv; Fig. 1 rows open); marker formulas as in Methods p.2"
"paper","Results text p.3","NLR","IQR upper","2.83","2","2.85","0.02","0.005","mismatch","sample exclusion","FLAG text vs table: differs from Table 1 Total column median (IQR) for the same marker | ours: unweighted sample quartiles, output/tables/04_quartile_cutoffs.csv (R/04); our analytic N 14054 vs paper 13507 (output/tables/exclusion_flow.csv; Fig. 1 rows open); marker formulas as in Methods p.2"
"paper","Results text p.3","MLR","median","0.29","2","0.285714285714286","0.00428571","0.005","match","","FLAG text vs table: differs from Table 1 Total column median (IQR) for the same marker | ours: unweighted sample quartiles, output/tables/04_quartile_cutoffs.csv (R/04)"
"paper","Results text p.3","MLR","IQR lower","0.22","2","0.222222222222222","0.00222222","0.005","match","","FLAG text vs table: differs from Table 1 Total column median (IQR) for the same marker | ours: unweighted sample quartiles, output/tables/04_quartile_cutoffs.csv (R/04)"
"paper","Results text p.3","MLR","IQR upper","0.38","2","0.375","0.005","0.005","mismatch","sample exclusion","FLAG text vs table: differs from Table 1 Total column median (IQR) for the same marker | ours: unweighted sample quartiles, output/tables/04_quartile_cutoffs.csv (R/04); our analytic N 14054 vs paper 13507 (output/tables/exclusion_flow.csv; Fig. 1 rows open); marker formulas as in Methods p.2"
"paper","Results text p.3","SIRI","median","1.13","2","1.13846153846154","0.00846154","0.005","mismatch","sample exclusion","FLAG text vs table: differs from Table 1 Total column median (IQR) for the same marker | ours: unweighted sample quartiles, output/tables/04_quartile_cutoffs.csv (R/04); our analytic N 14054 vs paper 13507 (output/tables/exclusion_flow.csv; Fig. 1 rows open); marker formulas as in Methods p.2"
"paper","Results text p.3","SIRI","IQR lower","0.76","2","0.766666666666667","0.00666667","0.005","mismatch","sample exclusion","FLAG text vs table: differs from Table 1 Total column median (IQR) for the same marker | ours: unweighted sample quartiles, output/tables/04_quartile_cutoffs.csv (R/04); our analytic N 14054 vs paper 13507 (output/tables/exclusion_flow.csv; Fig. 1 rows open); marker formulas as in Methods p.2"
"paper","Results text p.3","SIRI","IQR upper","1.68","2","1.69230769230769","0.0123077","0.005","mismatch","sample exclusion","FLAG text vs table: differs from Table 1 Total column median (IQR) for the same marker | ours: unweighted sample quartiles, output/tables/04_quartile_cutoffs.csv (R/04); our analytic N 14054 vs paper 13507 (output/tables/exclusion_flow.csv; Fig. 1 rows open); marker formulas as in Methods p.2"
"paper","Results text p.3","SII","median","481.85","2","487.442307692308","5.59231","0.005","mismatch","sample exclusion","FLAG text vs table: differs from Table 1 Total column median (IQR) for the same marker | ours: unweighted sample quartiles, output/tables/04_quartile_cutoffs.csv (R/04); our analytic N 14054 vs paper 13507 (output/tables/exclusion_flow.csv; Fig. 1 rows open); marker formulas as in Methods p.2"
"paper","Results text p.3","SII","IQR lower","339.58","2","343.636363636364","4.05636","0.005","mismatch","sample exclusion","FLAG text vs table: differs from Table 1 Total column median (IQR) for the same marker | ours: unweighted sample quartiles, output/tables/04_quartile_cutoffs.csv (R/04); our analytic N 14054 vs paper 13507 (output/tables/exclusion_flow.csv; Fig. 1 rows open); marker formulas as in Methods p.2"
"paper","Results text p.3","SII","IQR upper","689.61","2","695.9375","6.3275","0.005","mismatch","sample exclusion","FLAG text vs table: differs from Table 1 Total column median (IQR) for the same marker | ours: unweighted sample quartiles, output/tables/04_quartile_cutoffs.csv (R/04); our analytic N 14054 vs paper 13507 (output/tables/exclusion_flow.csv; Fig. 1 rows open); marker formulas as in Methods p.2"
"paper","Table 1 p.5","N","FI<=0.3","9778","0","11033","1255","0.5","open","","our value from output/tables/exclusion_flow.csv (R/20_build_analytic_sample.R); FI <= 0.3; 14054 - 3021; FI item scoring per build_decisions.csv"
"paper","Table 1 p.5","N %","FI<=0.3","76","0","81.27","5.27","0.5","open","","FLAG: footnote b says percentages are unweighted, but 3729/13507 = 27.6% (printed 24%) and male 6722/13507 = 49.8% (printed 46%); percentages look survey-weighted, matching the title 'by sampling weight' | our value from output/tables/exclusion_flow.csv (R/20_build_analytic_sample.R); survey-weighted svymean(~frail) on frailty_cbc_svydesign.rds"
"paper","Table 1 p.5","N","FI>0.3","3729","0","3021","708","0.5","open","","our value from output/tables/exclusion_flow.csv (R/20_build_analytic_sample.R); FI > 0.3; frail prevalence gap ~6 pp unexplained after audit fixes"
"paper","Table 1 p.5","N %","FI>0.3","24","0","18.73","5.27","0.5","open","","FLAG: footnote b says percentages are unweighted, but 3729/13507 = 27.6% (printed 24%) and male 6722/13507 = 49.8% (printed 46%); percentages look survey-weighted, matching the title 'by sampling weight' | our value from output/tables/exclusion_flow.csv (R/20_build_analytic_sample.R); survey-weighted svymean(~frail); unweighted 21.50% | builder FI (R/20); independent FI in the next row"
"paper","Table 1 p.5","N %","FI>0.3 (independent FI)","24","0","18.96","5.04159","0.5","open","","independent FI (R/21_fi_independent.R, built without access to R/20), survey-weighted on the builder analytic sample with an independent FI (n=14053; builder 18.73%); FI r=0.9994, FI>0.3 kappa=0.992 (output/tables/22_fi_comparison_summary.csv). Both versions sit ~5 pp below the paper, so the gap is not an implementation error in either build"
"paper","Table 1 p.5","NLR","Total median","2.14","2","2.14285714285714","0.00285714","0.005","match","","ours: svyquantile / svyranktest on data/processed/frailty_cbc_svydesign.rds (R/08)"
"paper","Table 1 p.5","NLR","Total p25","1.60","2","1.59090909090909","0.00909091","0.005","mismatch","sample exclusion","ours: svyquantile / svyranktest on data/processed/frailty_cbc_svydesign.rds (R/08); our analytic N 14054 vs paper 13507 (output/tables/exclusion_flow.csv; Fig. 1 rows open); marker formulas as in Methods p.2"
"paper","Table 1 p.5","NLR","Total p75","2.88","2","2.9","0.02","0.005","mismatch","sample exclusion","ours: svyquantile / svyranktest on data/processed/frailty_cbc_svydesign.rds (R/08); our analytic N 14054 vs paper 13507 (output/tables/exclusion_flow.csv; Fig. 1 rows open); marker formulas as in Methods p.2"
"paper","Table 1 p.5","NLR","FI<=0.3 median","2.08","2","2.10526315789474","0.0252632","0.005","open","","ours: svyquantile / svyranktest on data/processed/frailty_cbc_svydesign.rds (R/08); depends on the frailty split; frail prevalence 18.7% weighted vs paper 24% is unexplained (ledger Table 1 N % rows, both FI builds agree: 22_fi_comparison_summary.csv)"
"paper","Table 1 p.5","NLR","FI<=0.3 p25","1.57","2","1.57894736842105","0.00894737","0.005","open","","ours: svyquantile / svyranktest on data/processed/frailty_cbc_svydesign.rds (R/08); depends on the frailty split; frail prevalence 18.7% weighted vs paper 24% is unexplained (ledger Table 1 N % rows, both FI builds agree: 22_fi_comparison_summary.csv)"
"paper","Table 1 p.5","NLR","FI<=0.3 p75","2.78","2","2.8125","0.0325","0.005","open","","ours: svyquantile / svyranktest on data/processed/frailty_cbc_svydesign.rds (R/08); depends on the frailty split; frail prevalence 18.7% weighted vs paper 24% is unexplained (ledger Table 1 N % rows, both FI builds agree: 22_fi_comparison_summary.csv)"
"paper","Table 1 p.5","NLR","FI>0.3 median","2.35","2","2.33333333333333","0.0166667","0.005","open","","ours: svyquantile / svyranktest on data/processed/frailty_cbc_svydesign.rds (R/08); depends on the frailty split; frail prevalence 18.7% weighted vs paper 24% is unexplained (ledger Table 1 N % rows, both FI builds agree: 22_fi_comparison_summary.csv)"
"paper","Table 1 p.5","NLR","FI>0.3 p25","1.70","2","1.66666666666667","0.0333333","0.005","open","","ours: svyquantile / svyranktest on data/processed/frailty_cbc_svydesign.rds (R/08); depends on the frailty split; frail prevalence 18.7% weighted vs paper 24% is unexplained (ledger Table 1 N % rows, both FI builds agree: 22_fi_comparison_summary.csv)"
"paper","Table 1 p.5","NLR","FI>0.3 p75","3.23","2","3.26315789473684","0.0331579","0.005","open","","ours: svyquantile / svyranktest on data/processed/frailty_cbc_svydesign.rds (R/08); depends on the frailty split; frail prevalence 18.7% weighted vs paper 24% is unexplained (ledger Table 1 N % rows, both FI builds agree: 22_fi_comparison_summary.csv)"
"paper","Table 1 p.5","NLR","P","<0.001","3","7.03022173223044e-14","","bound","match","","test per footnote c: Wilcoxon rank-sum test for complex survey samples | ours: svyquantile / svyranktest on data/processed/frailty_cbc_svydesign.rds (R/08)"
"paper","Table 1 p.5","MLR","Total median","0.29","2","0.294117647058824","0.00411765","0.005","match","","ours: svyquantile / svyranktest on data/processed/frailty_cbc_svydesign.rds (R/08)"
"paper","Table 1 p.5","MLR","Total p25","0.23","2","0.227272727272727","0.00272727","0.005","match","","ours: svyquantile / svyranktest on data/processed/frailty_cbc_svydesign.rds (R/08)"
"paper","Table 1 p.5","MLR","Total p75","0.38","2","0.384615384615385","0.00461538","0.005","match","","ours: svyquantile / svyranktest on data/processed/frailty_cbc_svydesign.rds (R/08)"
"paper","Table 1 p.5","MLR","FI<=0.3 median","0.29","2","0.291666666666667","0.00166667","0.005","match","","ours: svyquantile / svyranktest on data/processed/frailty_cbc_svydesign.rds (R/08)"
"paper","Table 1 p.5","MLR","FI<=0.3 p25","0.23","2","0.227272727272727","0.00272727","0.005","match","","ours: svyquantile / svyranktest on data/processed/frailty_cbc_svydesign.rds (R/08)"
"paper","Table 1 p.5","MLR","FI<=0.3 p75","0.38","2","0.375","0.005","0.005","open","","ours: svyquantile / svyranktest on data/processed/frailty_cbc_svydesign.rds (R/08); depends on the frailty split; frail prevalence 18.7% weighted vs paper 24% is unexplained (ledger Table 1 N % rows, both FI builds agree: 22_fi_comparison_summary.csv)"
"paper","Table 1 p.5","MLR","FI>0.3 median","0.31","2","0.304347826086957","0.00565217","0.005","open","","ours: svyquantile / svyranktest on data/processed/frailty_cbc_svydesign.rds (R/08); depends on the frailty split; frail prevalence 18.7% weighted vs paper 24% is unexplained (ledger Table 1 N % rows, both FI builds agree: 22_fi_comparison_summary.csv)"
"paper","Table 1 p.5","MLR","FI>0.3 p25","0.23","2","0.227272727272727","0.00272727","0.005","match","","ours: svyquantile / svyranktest on data/processed/frailty_cbc_svydesign.rds (R/08)"
"paper","Table 1 p.5","MLR","FI>0.3 p75","0.41","2","0.416666666666667","0.00666667","0.005","open","","ours: svyquantile / svyranktest on data/processed/frailty_cbc_svydesign.rds (R/08); depends on the frailty split; frail prevalence 18.7% weighted vs paper 24% is unexplained (ledger Table 1 N % rows, both FI builds agree: 22_fi_comparison_summary.csv)"
"paper","Table 1 p.5","MLR","P","<0.001","3","6.72347311496071e-05","","bound","match","","test per footnote c: Wilcoxon rank-sum test for complex survey samples | ours: svyquantile / svyranktest on data/processed/frailty_cbc_svydesign.rds (R/08)"
"paper","Table 1 p.5","SIRI","Total median","1.17","2","1.17647058823529","0.00647059","0.005","mismatch","sample exclusion","ours: svyquantile / svyranktest on data/processed/frailty_cbc_svydesign.rds (R/08); our analytic N 14054 vs paper 13507 (output/tables/exclusion_flow.csv; Fig. 1 rows open); marker formulas as in Methods p.2"
"paper","Table 1 p.5","SIRI","Total p25","0.81","2","0.809523809523809","0.00047619","0.005","match","","ours: svyquantile / svyranktest on data/processed/frailty_cbc_svydesign.rds (R/08)"
"paper","Table 1 p.5","SIRI","Total p75","1.73","2","1.73076923076923","0.000769231","0.005","match","","ours: svyquantile / svyranktest on data/processed/frailty_cbc_svydesign.rds (R/08)"
"paper","Table 1 p.5","SIRI","FI<=0.3 median","1.13","2","1.14705882352941","0.0170588","0.005","open","","ours: svyquantile / svyranktest on data/processed/frailty_cbc_svydesign.rds (R/08); depends on the frailty split; frail prevalence 18.7% weighted vs paper 24% is unexplained (ledger Table 1 N % rows, both FI builds agree: 22_fi_comparison_summary.csv)"
"paper","Table 1 p.5","SIRI","FI<=0.3 p25","0.79","2","0.8","0.01","0.005","open","","ours: svyquantile / svyranktest on data/processed/frailty_cbc_svydesign.rds (R/08); depends on the frailty split; frail prevalence 18.7% weighted vs paper 24% is unexplained (ledger Table 1 N % rows, both FI builds agree: 22_fi_comparison_summary.csv)"
"paper","Table 1 p.5","SIRI","FI<=0.3 p75","1.64","2","1.66153846153846","0.0215385","0.005","open","","ours: svyquantile / svyranktest on data/processed/frailty_cbc_svydesign.rds (R/08); depends on the frailty split; frail prevalence 18.7% weighted vs paper 24% is unexplained (ledger Table 1 N % rows, both FI builds agree: 22_fi_comparison_summary.csv)"
"paper","Table 1 p.5","SIRI","FI>0.3 median","1.33","2","1.32222222222222","0.00777778","0.005","open","","ours: svyquantile / svyranktest on data/processed/frailty_cbc_svydesign.rds (R/08); depends on the frailty split; frail prevalence 18.7% weighted vs paper 24% is unexplained (ledger Table 1 N % rows, both FI builds agree: 22_fi_comparison_summary.csv)"
"paper","Table 1 p.5","SIRI","FI>0.3 p25","0.88","2","0.886666666666667","0.00666667","0.005","open","","ours: svyquantile / svyranktest on data/processed/frailty_cbc_svydesign.rds (R/08); depends on the frailty split; frail prevalence 18.7% weighted vs paper 24% is unexplained (ledger Table 1 N % rows, both FI builds agree: 22_fi_comparison_summary.csv)"
"paper","Table 1 p.5","SIRI","FI>0.3 p75","2.04","2","2.03","0.01","0.005","open","","ours: svyquantile / svyranktest on data/processed/frailty_cbc_svydesign.rds (R/08); depends on the frailty split; frail prevalence 18.7% weighted vs paper 24% is unexplained (ledger Table 1 N % rows, both FI builds agree: 22_fi_comparison_summary.csv)"
"paper","Table 1 p.5","SIRI","P","<0.001","3","3.96543012295173e-17","","bound","match","","test per footnote c: Wilcoxon rank-sum test for complex survey samples | ours: svyquantile / svyranktest on data/processed/frailty_cbc_svydesign.rds (R/08)"
"paper","Table 1 p.5","SII","Total median","496","0","502.25","6.25","0.5","mismatch","sample exclusion","ours: svyquantile / svyranktest on data/processed/frailty_cbc_svydesign.rds (R/08); our analytic N 14054 vs paper 13507 (output/tables/exclusion_flow.csv; Fig. 1 rows open); marker formulas as in Methods p.2"
"paper","Table 1 p.5","SII","Total p25","356","0","359.272727272727","3.27273","0.5","mismatch","sample exclusion","ours: svyquantile / svyranktest on data/processed/frailty_cbc_svydesign.rds (R/08); our analytic N 14054 vs paper 13507 (output/tables/exclusion_flow.csv; Fig. 1 rows open); marker formulas as in Methods p.2"
"paper","Table 1 p.5","SII","Total p75","704","0","711.333333333333","7.33333","0.5","mismatch","sample exclusion","ours: svyquantile / svyranktest on data/processed/frailty_cbc_svydesign.rds (R/08); our analytic N 14054 vs paper 13507 (output/tables/exclusion_flow.csv; Fig. 1 rows open); marker formulas as in Methods p.2"
"paper","Table 1 p.5","SII","FI<=0.3 median","486","0","495.6","9.6","0.5","open","","ours: svyquantile / svyranktest on data/processed/frailty_cbc_svydesign.rds (R/08); depends on the frailty split; frail prevalence 18.7% weighted vs paper 24% is unexplained (ledger Table 1 N % rows, both FI builds agree: 22_fi_comparison_summary.csv)"
"paper","Table 1 p.5","SII","FI<=0.3 p25","354","0","359.125","5.125","0.5","open","","ours: svyquantile / svyranktest on data/processed/frailty_cbc_svydesign.rds (R/08); depends on the frailty split; frail prevalence 18.7% weighted vs paper 24% is unexplained (ledger Table 1 N % rows, both FI builds agree: 22_fi_comparison_summary.csv)"
"paper","Table 1 p.5","SII","FI<=0.3 p75","684","0","693","9","0.5","open","","ours: svyquantile / svyranktest on data/processed/frailty_cbc_svydesign.rds (R/08); depends on the frailty split; frail prevalence 18.7% weighted vs paper 24% is unexplained (ledger Table 1 N % rows, both FI builds agree: 22_fi_comparison_summary.csv)"
"paper","Table 1 p.5","SII","FI>0.3 median","531","0","531.666666666667","0.666667","0.5","open","","ours: svyquantile / svyranktest on data/processed/frailty_cbc_svydesign.rds (R/08); depends on the frailty split; frail prevalence 18.7% weighted vs paper 24% is unexplained (ledger Table 1 N % rows, both FI builds agree: 22_fi_comparison_summary.csv)"
"paper","Table 1 p.5","SII","FI>0.3 p25","364","0","361.92","2.08","0.5","open","","ours: svyquantile / svyranktest on data/processed/frailty_cbc_svydesign.rds (R/08); depends on the frailty split; frail prevalence 18.7% weighted vs paper 24% is unexplained (ledger Table 1 N % rows, both FI builds agree: 22_fi_comparison_summary.csv)"
"paper","Table 1 p.5","SII","FI>0.3 p75","787","0","794.375","7.375","0.5","open","","ours: svyquantile / svyranktest on data/processed/frailty_cbc_svydesign.rds (R/08); depends on the frailty split; frail prevalence 18.7% weighted vs paper 24% is unexplained (ledger Table 1 N % rows, both FI builds agree: 22_fi_comparison_summary.csv)"
"paper","Table 1 p.5","SII","P","<0.001","3","5.71959886600563e-06","","bound","match","","test per footnote c: Wilcoxon rank-sum test for complex survey samples | ours: svyquantile / svyranktest on data/processed/frailty_cbc_svydesign.rds (R/08)"
"paper","Table 2 p.6","logNLR","Model 1 OR","4.85","2","4.2566054007999","0.593395","0.005","open","","ours: weighted svyglm, OR per log10 unit, output/tables/07_table2_logistic.csv (R/07); per-ln ORs 1.26-1.88 match no paper cell, so the paper's log is base 10; depends on the frailty split; frail prevalence 18.7% weighted vs paper 24% is unexplained (ledger Table 1 N % rows, both FI builds agree: 22_fi_comparison_summary.csv)"
"paper","Table 2 p.6","logNLR","Model 1 CI lower","3.60","2","3.21556067639096","0.384439","0.005","open","","ours: weighted svyglm, OR per log10 unit, output/tables/07_table2_logistic.csv (R/07); per-ln ORs 1.26-1.88 match no paper cell, so the paper's log is base 10; depends on the frailty split; frail prevalence 18.7% weighted vs paper 24% is unexplained (ledger Table 1 N % rows, both FI builds agree: 22_fi_comparison_summary.csv)"
"paper","Table 2 p.6","logNLR","Model 1 CI upper","6.54","2","5.63469060657088","0.905309","0.005","open","","ours: weighted svyglm, OR per log10 unit, output/tables/07_table2_logistic.csv (R/07); per-ln ORs 1.26-1.88 match no paper cell, so the paper's log is base 10; depends on the frailty split; frail prevalence 18.7% weighted vs paper 24% is unexplained (ledger Table 1 N % rows, both FI builds agree: 22_fi_comparison_summary.csv)"
"paper","Table 2 p.6","logNLR","Model 1 P","<0.001","3","3.93945148313904e-18","","bound","match","","ours: weighted svyglm, OR per log10 unit, output/tables/07_table2_logistic.csv (R/07); per-ln ORs 1.26-1.88 match no paper cell, so the paper's log is base 10"
"paper","Table 2 p.6","logNLR","Model 2 OR","3.45","2","3.13263466200656","0.317365","0.005","open","","ours: weighted svyglm, OR per log10 unit, output/tables/07_table2_logistic.csv (R/07); per-ln ORs 1.26-1.88 match no paper cell, so the paper's log is base 10; depends on the frailty split; frail prevalence 18.7% weighted vs paper 24% is unexplained (ledger Table 1 N % rows, both FI builds agree: 22_fi_comparison_summary.csv)"
"paper","Table 2 p.6","logNLR","Model 2 CI lower","2.52","2","2.29612478765848","0.223875","0.005","open","","ours: weighted svyglm, OR per log10 unit, output/tables/07_table2_logistic.csv (R/07); per-ln ORs 1.26-1.88 match no paper cell, so the paper's log is base 10; depends on the frailty split; frail prevalence 18.7% weighted vs paper 24% is unexplained (ledger Table 1 N % rows, both FI builds agree: 22_fi_comparison_summary.csv)"
"paper","Table 2 p.6","logNLR","Model 2 CI upper","4.73","2","4.27389660106949","0.456103","0.005","open","","ours: weighted svyglm, OR per log10 unit, output/tables/07_table2_logistic.csv (R/07); per-ln ORs 1.26-1.88 match no paper cell, so the paper's log is base 10; depends on the frailty split; frail prevalence 18.7% weighted vs paper 24% is unexplained (ledger Table 1 N % rows, both FI builds agree: 22_fi_comparison_summary.csv)"
"paper","Table 2 p.6","logNLR","Model 2 P","<0.001","3","5.33701499913529e-11","","bound","match","","ours: weighted svyglm, OR per log10 unit, output/tables/07_table2_logistic.csv (R/07); per-ln ORs 1.26-1.88 match no paper cell, so the paper's log is base 10"
"paper","Table 2 p.6","logMLR","Model 1 OR","3.46","2","2.99782605405838","0.462174","0.005","open","","ours: weighted svyglm, OR per log10 unit, output/tables/07_table2_logistic.csv (R/07); per-ln ORs 1.26-1.88 match no paper cell, so the paper's log is base 10; depends on the frailty split; frail prevalence 18.7% weighted vs paper 24% is unexplained (ledger Table 1 N % rows, both FI builds agree: 22_fi_comparison_summary.csv)"
"paper","Table 2 p.6","logMLR","Model 1 CI lower","2.41","2","2.07197605218119","0.338024","0.005","open","","ours: weighted svyglm, OR per log10 unit, output/tables/07_table2_logistic.csv (R/07); per-ln ORs 1.26-1.88 match no paper cell, so the paper's log is base 10; depends on the frailty split; frail prevalence 18.7% weighted vs paper 24% is unexplained (ledger Table 1 N % rows, both FI builds agree: 22_fi_comparison_summary.csv)"
"paper","Table 2 p.6","logMLR","Model 1 CI upper","4.95","2","4.33738654504746","0.612613","0.005","open","","ours: weighted svyglm, OR per log10 unit, output/tables/07_table2_logistic.csv (R/07); per-ln ORs 1.26-1.88 match no paper cell, so the paper's log is base 10; depends on the frailty split; frail prevalence 18.7% weighted vs paper 24% is unexplained (ledger Table 1 N % rows, both FI builds agree: 22_fi_comparison_summary.csv)"
"paper","Table 2 p.6","logMLR","Model 1 P","<0.001","3","3.55559216075875e-08","","bound","match","","ours: weighted svyglm, OR per log10 unit, output/tables/07_table2_logistic.csv (R/07); per-ln ORs 1.26-1.88 match no paper cell, so the paper's log is base 10"
"paper","Table 2 p.6","logMLR","Model 2 OR","3.58","2","3.17247294060534","0.407527","0.005","open","","ours: weighted svyglm, OR per log10 unit, output/tables/07_table2_logistic.csv (R/07); per-ln ORs 1.26-1.88 match no paper cell, so the paper's log is base 10; depends on the frailty split; frail prevalence 18.7% weighted vs paper 24% is unexplained (ledger Table 1 N % rows, both FI builds agree: 22_fi_comparison_summary.csv)"
"paper","Table 2 p.6","logMLR","Model 2 CI lower","2.44","2","2.1170751539692","0.322925","0.005","open","","ours: weighted svyglm, OR per log10 unit, output/tables/07_table2_logistic.csv (R/07); per-ln ORs 1.26-1.88 match no paper cell, so the paper's log is base 10; depends on the frailty split; frail prevalence 18.7% weighted vs paper 24% is unexplained (ledger Table 1 N % rows, both FI builds agree: 22_fi_comparison_summary.csv)"
"paper","Table 2 p.6","logMLR","Model 2 CI upper","5.25","2","4.75400438194342","0.495996","0.005","open","","ours: weighted svyglm, OR per log10 unit, output/tables/07_table2_logistic.csv (R/07); per-ln ORs 1.26-1.88 match no paper cell, so the paper's log is base 10; depends on the frailty split; frail prevalence 18.7% weighted vs paper 24% is unexplained (ledger Table 1 N % rows, both FI builds agree: 22_fi_comparison_summary.csv)"
"paper","Table 2 p.6","logMLR","Model 2 P","<0.001","3","1.25438145348879e-07","","bound","match","","ours: weighted svyglm, OR per log10 unit, output/tables/07_table2_logistic.csv (R/07); per-ln ORs 1.26-1.88 match no paper cell, so the paper's log is base 10"
"paper","Table 2 p.6","logSIRI","Model 1 OR","4.09","2","3.88441922280596","0.205581","0.005","open","","ours: weighted svyglm, OR per log10 unit, output/tables/07_table2_logistic.csv (R/07); per-ln ORs 1.26-1.88 match no paper cell, so the paper's log is base 10; depends on the frailty split; frail prevalence 18.7% weighted vs paper 24% is unexplained (ledger Table 1 N % rows, both FI builds agree: 22_fi_comparison_summary.csv)"
"paper","Table 2 p.6","logSIRI","Model 1 CI lower","3.24","2","3.09734628470192","0.142654","0.005","open","","ours: weighted svyglm, OR per log10 unit, output/tables/07_table2_logistic.csv (R/07); per-ln ORs 1.26-1.88 match no paper cell, so the paper's log is base 10; depends on the frailty split; frail prevalence 18.7% weighted vs paper 24% is unexplained (ledger Table 1 N % rows, both FI builds agree: 22_fi_comparison_summary.csv)"
"paper","Table 2 p.6","logSIRI","Model 1 CI upper","5.17","2","4.87149685943383","0.298503","0.005","open","","ours: weighted svyglm, OR per log10 unit, output/tables/07_table2_logistic.csv (R/07); per-ln ORs 1.26-1.88 match no paper cell, so the paper's log is base 10; depends on the frailty split; frail prevalence 18.7% weighted vs paper 24% is unexplained (ledger Table 1 N % rows, both FI builds agree: 22_fi_comparison_summary.csv)"
"paper","Table 2 p.6","logSIRI","Model 1 P","<0.001","3","4.14948344082054e-22","","bound","match","","ours: weighted svyglm, OR per log10 unit, output/tables/07_table2_logistic.csv (R/07); per-ln ORs 1.26-1.88 match no paper cell, so the paper's log is base 10"
"paper","Table 2 p.6","logSIRI","Model 2 OR","2.77","2","2.48741668677226","0.282583","0.005","open","","ours: weighted svyglm, OR per log10 unit, output/tables/07_table2_logistic.csv (R/07); per-ln ORs 1.26-1.88 match no paper cell, so the paper's log is base 10; depends on the frailty split; frail prevalence 18.7% weighted vs paper 24% is unexplained (ledger Table 1 N % rows, both FI builds agree: 22_fi_comparison_summary.csv)"
"paper","Table 2 p.6","logSIRI","Model 2 CI lower","2.17","2","1.92559587663218","0.244404","0.005","open","","ours: weighted svyglm, OR per log10 unit, output/tables/07_table2_logistic.csv (R/07); per-ln ORs 1.26-1.88 match no paper cell, so the paper's log is base 10; depends on the frailty split; frail prevalence 18.7% weighted vs paper 24% is unexplained (ledger Table 1 N % rows, both FI builds agree: 22_fi_comparison_summary.csv)"
"paper","Table 2 p.6","logSIRI","Model 2 CI upper","3.55","2","3.21315694986552","0.336843","0.005","open","","ours: weighted svyglm, OR per log10 unit, output/tables/07_table2_logistic.csv (R/07); per-ln ORs 1.26-1.88 match no paper cell, so the paper's log is base 10; depends on the frailty split; frail prevalence 18.7% weighted vs paper 24% is unexplained (ledger Table 1 N % rows, both FI builds agree: 22_fi_comparison_summary.csv)"
"paper","Table 2 p.6","logSIRI","Model 2 P","<0.001","3","1.67525475449806e-10","","bound","match","","ours: weighted svyglm, OR per log10 unit, output/tables/07_table2_logistic.csv (R/07); per-ln ORs 1.26-1.88 match no paper cell, so the paper's log is base 10"
"paper","Table 2 p.6","logSII","Model 1 OR","2.39","2","2.15139225531636","0.238608","0.005","open","","ours: weighted svyglm, OR per log10 unit, output/tables/07_table2_logistic.csv (R/07); per-ln ORs 1.26-1.88 match no paper cell, so the paper's log is base 10; depends on the frailty split; frail prevalence 18.7% weighted vs paper 24% is unexplained (ledger Table 1 N % rows, both FI builds agree: 22_fi_comparison_summary.csv)"
"paper","Table 2 p.6","logSII","Model 1 CI lower","1.84","2","1.65858729976096","0.181413","0.005","open","","ours: weighted svyglm, OR per log10 unit, output/tables/07_table2_logistic.csv (R/07); per-ln ORs 1.26-1.88 match no paper cell, so the paper's log is base 10; depends on the frailty split; frail prevalence 18.7% weighted vs paper 24% is unexplained (ledger Table 1 N % rows, both FI builds agree: 22_fi_comparison_summary.csv)"
"paper","Table 2 p.6","logSII","Model 1 CI upper","3.11","2","2.79062105256823","0.319379","0.005","open","","ours: weighted svyglm, OR per log10 unit, output/tables/07_table2_logistic.csv (R/07); per-ln ORs 1.26-1.88 match no paper cell, so the paper's log is base 10; depends on the frailty split; frail prevalence 18.7% weighted vs paper 24% is unexplained (ledger Table 1 N % rows, both FI builds agree: 22_fi_comparison_summary.csv)"
"paper","Table 2 p.6","logSII","Model 1 P","<0.001","3","4.58462099287624e-08","","bound","match","","ours: weighted svyglm, OR per log10 unit, output/tables/07_table2_logistic.csv (R/07); per-ln ORs 1.26-1.88 match no paper cell, so the paper's log is base 10"
"paper","Table 2 p.6","logSII","Model 2 OR","1.89","2","1.69127818082714","0.198722","0.005","open","","ours: weighted svyglm, OR per log10 unit, output/tables/07_table2_logistic.csv (R/07); per-ln ORs 1.26-1.88 match no paper cell, so the paper's log is base 10; depends on the frailty split; frail prevalence 18.7% weighted vs paper 24% is unexplained (ledger Table 1 N % rows, both FI builds agree: 22_fi_comparison_summary.csv)"
"paper","Table 2 p.6","logSII","Model 2 CI lower","1.44","2","1.27571983114704","0.16428","0.005","open","","ours: weighted svyglm, OR per log10 unit, output/tables/07_table2_logistic.csv (R/07); per-ln ORs 1.26-1.88 match no paper cell, so the paper's log is base 10; depends on the frailty split; frail prevalence 18.7% weighted vs paper 24% is unexplained (ledger Table 1 N % rows, both FI builds agree: 22_fi_comparison_summary.csv)"
"paper","Table 2 p.6","logSII","Model 2 CI upper","2.48","2","2.24220225719159","0.237798","0.005","open","","ours: weighted svyglm, OR per log10 unit, output/tables/07_table2_logistic.csv (R/07); per-ln ORs 1.26-1.88 match no paper cell, so the paper's log is base 10; depends on the frailty split; frail prevalence 18.7% weighted vs paper 24% is unexplained (ledger Table 1 N % rows, both FI builds agree: 22_fi_comparison_summary.csv)"
"paper","Table 2 p.6","logSII","Model 2 P","<0.001","3","0.000347419792760601","","bound","match","","ours: weighted svyglm, OR per log10 unit, output/tables/07_table2_logistic.csv (R/07); per-ln ORs 1.26-1.88 match no paper cell, so the paper's log is base 10"
"paper","Table 3 p.6","NLR","Event (overall)","3729","0","3021","708","0.5","open","","ours: weighted svyglm, our sample quartiles, output/tables/07_table3_quartiles.csv (R/07); depends on the frailty split; frail prevalence 18.7% weighted vs paper 24% is unexplained (ledger Table 1 N % rows, both FI builds agree: 22_fi_comparison_summary.csv)"
"paper","Table 3 p.6","NLR","N (overall)","13507","0","14054","547","0.5","mismatch","sample exclusion","ours: weighted svyglm, our sample quartiles, output/tables/07_table3_quartiles.csv (R/07); our analytic N 14054 vs paper 13507 (output/tables/exclusion_flow.csv; Fig. 1 rows open); marker formulas as in Methods p.2"
"paper","Table 3 p.6","NLR","Model 1 p trend","<0.001","3","6.14103119363664e-15","","bound","match","","trend test coding not stated in the paper | ours: weighted svyglm, our sample quartiles, output/tables/07_table3_quartiles.csv (R/07)"
"paper","Table 3 p.6","NLR","Model 2 p trend","<0.001","3","7.02362992607323e-09","","bound","match","","trend test coding not stated in the paper | ours: weighted svyglm, our sample quartiles, output/tables/07_table3_quartiles.csv (R/07)"
"paper","Table 3 p.6","NLR Q1","Event","853","0","650","203","0.5","open","","ours: weighted svyglm, our sample quartiles, output/tables/07_table3_quartiles.csv (R/07); depends on the frailty split; frail prevalence 18.7% weighted vs paper 24% is unexplained (ledger Table 1 N % rows, both FI builds agree: 22_fi_comparison_summary.csv)"
"paper","Table 3 p.6","NLR Q1","N","3376","0","3514","138","0.5","mismatch","sample exclusion","ours: weighted svyglm, our sample quartiles, output/tables/07_table3_quartiles.csv (R/07); our analytic N 14054 vs paper 13507 (output/tables/exclusion_flow.csv; Fig. 1 rows open); marker formulas as in Methods p.2"
"paper","Table 3 p.6","NLR Q2","Event","850","0","659","191","0.5","open","","ours: weighted svyglm, our sample quartiles, output/tables/07_table3_quartiles.csv (R/07); depends on the frailty split; frail prevalence 18.7% weighted vs paper 24% is unexplained (ledger Table 1 N % rows, both FI builds agree: 22_fi_comparison_summary.csv)"
"paper","Table 3 p.6","NLR Q2","N","3377","0","3516","139","0.5","mismatch","sample exclusion","ours: weighted svyglm, our sample quartiles, output/tables/07_table3_quartiles.csv (R/07); our analytic N 14054 vs paper 13507 (output/tables/exclusion_flow.csv; Fig. 1 rows open); marker formulas as in Methods p.2"
"paper","Table 3 p.6","NLR Q2","Model 1 OR","1.00","2","1.0304148299604","0.0304148","0.005","open","","ours: weighted svyglm, our sample quartiles, output/tables/07_table3_quartiles.csv (R/07); depends on the frailty split; frail prevalence 18.7% weighted vs paper 24% is unexplained (ledger Table 1 N % rows, both FI builds agree: 22_fi_comparison_summary.csv)"
"paper","Table 3 p.6","NLR Q2","Model 1 CI lower","0.84","2","0.880646103894291","0.0406461","0.005","open","","ours: weighted svyglm, our sample quartiles, output/tables/07_table3_quartiles.csv (R/07); depends on the frailty split; frail prevalence 18.7% weighted vs paper 24% is unexplained (ledger Table 1 N % rows, both FI builds agree: 22_fi_comparison_summary.csv)"
"paper","Table 3 p.6","NLR Q2","Model 1 CI upper","1.18","2","1.20565425442429","0.0256543","0.005","open","","ours: weighted svyglm, our sample quartiles, output/tables/07_table3_quartiles.csv (R/07); depends on the frailty split; frail prevalence 18.7% weighted vs paper 24% is unexplained (ledger Table 1 N % rows, both FI builds agree: 22_fi_comparison_summary.csv)"
"paper","Table 3 p.6","NLR Q2","Model 2 OR","0.94","2","0.97271154801673","0.0327115","0.005","open","","ours: weighted svyglm, our sample quartiles, output/tables/07_table3_quartiles.csv (R/07); depends on the frailty split; frail prevalence 18.7% weighted vs paper 24% is unexplained (ledger Table 1 N % rows, both FI builds agree: 22_fi_comparison_summary.csv)"
"paper","Table 3 p.6","NLR Q2","Model 2 CI lower","0.79","2","0.816541147385868","0.0265411","0.005","open","","ours: weighted svyglm, our sample quartiles, output/tables/07_table3_quartiles.csv (R/07); depends on the frailty split; frail prevalence 18.7% weighted vs paper 24% is unexplained (ledger Table 1 N % rows, both FI builds agree: 22_fi_comparison_summary.csv)"
"paper","Table 3 p.6","NLR Q2","Model 2 CI upper","1.13","2","1.15875085863613","0.0287509","0.005","open","","ours: weighted svyglm, our sample quartiles, output/tables/07_table3_quartiles.csv (R/07); depends on the frailty split; frail prevalence 18.7% weighted vs paper 24% is unexplained (ledger Table 1 N % rows, both FI builds agree: 22_fi_comparison_summary.csv)"
"paper","Table 3 p.6","NLR Q3","Event","953","0","720","233","0.5","open","","ours: weighted svyglm, our sample quartiles, output/tables/07_table3_quartiles.csv (R/07); depends on the frailty split; frail prevalence 18.7% weighted vs paper 24% is unexplained (ledger Table 1 N % rows, both FI builds agree: 22_fi_comparison_summary.csv)"
"paper","Table 3 p.6","NLR Q3","N","3377","0","3512","135","0.5","mismatch","sample exclusion","ours: weighted svyglm, our sample quartiles, output/tables/07_table3_quartiles.csv (R/07); our analytic N 14054 vs paper 13507 (output/tables/exclusion_flow.csv; Fig. 1 rows open); marker formulas as in Methods p.2"
"paper","Table 3 p.6","NLR Q3","Model 1 OR","1.33","2","1.17695129977187","0.153049","0.005","open","","ours: weighted svyglm, our sample quartiles, output/tables/07_table3_quartiles.csv (R/07); depends on the frailty split; frail prevalence 18.7% weighted vs paper 24% is unexplained (ledger Table 1 N % rows, both FI builds agree: 22_fi_comparison_summary.csv)"
"paper","Table 3 p.6","NLR Q3","Model 1 CI lower","1.13","2","1.00544250745258","0.124557","0.005","open","","ours: weighted svyglm, our sample quartiles, output/tables/07_table3_quartiles.csv (R/07); depends on the frailty split; frail prevalence 18.7% weighted vs paper 24% is unexplained (ledger Table 1 N % rows, both FI builds agree: 22_fi_comparison_summary.csv)"
"paper","Table 3 p.6","NLR Q3","Model 1 CI upper","1.56","2","1.37771613172025","0.182284","0.005","open","","ours: weighted svyglm, our sample quartiles, output/tables/07_table3_quartiles.csv (R/07); depends on the frailty split; frail prevalence 18.7% weighted vs paper 24% is unexplained (ledger Table 1 N % rows, both FI builds agree: 22_fi_comparison_summary.csv)"
"paper","Table 3 p.6","NLR Q3","Model 2 OR","1.13","2","0.994232128595038","0.135768","0.005","open","","FLAG suspected paper typo: OR 1.13 is not the log-scale centre of CI (1.04, 1.35); sqrt(L*U) = 1.185, outside rounding error | ours: weighted svyglm, our sample quartiles, output/tables/07_table3_quartiles.csv (R/07); depends on the frailty split; frail prevalence 18.7% weighted vs paper 24% is unexplained (ledger Table 1 N % rows, both FI builds agree: 22_fi_comparison_summary.csv)"
"paper","Table 3 p.6","NLR Q3","Model 2 CI lower","1.04","2","0.83591102070565","0.204089","0.005","open","","FLAG suspected paper typo: OR 1.13 is not the log-scale centre of CI (1.04, 1.35); sqrt(L*U) = 1.185, outside rounding error | ours: weighted svyglm, our sample quartiles, output/tables/07_table3_quartiles.csv (R/07); depends on the frailty split; frail prevalence 18.7% weighted vs paper 24% is unexplained (ledger Table 1 N % rows, both FI builds agree: 22_fi_comparison_summary.csv)"
"paper","Table 3 p.6","NLR Q3","Model 2 CI upper","1.35","2","1.18253917109044","0.167461","0.005","open","","FLAG suspected paper typo: OR 1.13 is not the log-scale centre of CI (1.04, 1.35); sqrt(L*U) = 1.185, outside rounding error | ours: weighted svyglm, our sample quartiles, output/tables/07_table3_quartiles.csv (R/07); depends on the frailty split; frail prevalence 18.7% weighted vs paper 24% is unexplained (ledger Table 1 N % rows, both FI builds agree: 22_fi_comparison_summary.csv)"
"paper","Table 3 p.6","NLR Q4","Event","1073","0","992","81","0.5","open","","ours: weighted svyglm, our sample quartiles, output/tables/07_table3_quartiles.csv (R/07); depends on the frailty split; frail prevalence 18.7% weighted vs paper 24% is unexplained (ledger Table 1 N % rows, both FI builds agree: 22_fi_comparison_summary.csv)"
"paper","Table 3 p.6","NLR Q4","N","3377","0","3512","135","0.5","mismatch","sample exclusion","ours: weighted svyglm, our sample quartiles, output/tables/07_table3_quartiles.csv (R/07); our analytic N 14054 vs paper 13507 (output/tables/exclusion_flow.csv; Fig. 1 rows open); marker formulas as in Methods p.2"
"paper","Table 3 p.6","NLR Q4","Model 1 OR","2.06","2","1.92395879581149","0.136041","0.005","open","","ours: weighted svyglm, our sample quartiles, output/tables/07_table3_quartiles.csv (R/07); depends on the frailty split; frail prevalence 18.7% weighted vs paper 24% is unexplained (ledger Table 1 N % rows, both FI builds agree: 22_fi_comparison_summary.csv)"
"paper","Table 3 p.6","NLR Q4","Model 1 CI lower","1.75","2","1.64852091809866","0.101479","0.005","open","","ours: weighted svyglm, our sample quartiles, output/tables/07_table3_quartiles.csv (R/07); depends on the frailty split; frail prevalence 18.7% weighted vs paper 24% is unexplained (ledger Table 1 N % rows, both FI builds agree: 22_fi_comparison_summary.csv)"
"paper","Table 3 p.6","NLR Q4","Model 1 CI upper","2.43","2","2.245417335832","0.184583","0.005","open","","ours: weighted svyglm, our sample quartiles, output/tables/07_table3_quartiles.csv (R/07); depends on the frailty split; frail prevalence 18.7% weighted vs paper 24% is unexplained (ledger Table 1 N % rows, both FI builds agree: 22_fi_comparison_summary.csv)"
"paper","Table 3 p.6","NLR Q4","Model 2 OR","1.73","2","1.67018276970103","0.0598172","0.005","open","","ours: weighted svyglm, our sample quartiles, output/tables/07_table3_quartiles.csv (R/07); depends on the frailty split; frail prevalence 18.7% weighted vs paper 24% is unexplained (ledger Table 1 N % rows, both FI builds agree: 22_fi_comparison_summary.csv)"
"paper","Table 3 p.6","NLR Q4","Model 2 CI lower","1.45","2","1.41091890234392","0.0390811","0.005","open","","ours: weighted svyglm, our sample quartiles, output/tables/07_table3_quartiles.csv (R/07); depends on the frailty split; frail prevalence 18.7% weighted vs paper 24% is unexplained (ledger Table 1 N % rows, both FI builds agree: 22_fi_comparison_summary.csv)"
"paper","Table 3 p.6","NLR Q4","Model 2 CI upper","2.06","2","1.97708775435079","0.0829122","0.005","open","","ours: weighted svyglm, our sample quartiles, output/tables/07_table3_quartiles.csv (R/07); depends on the frailty split; frail prevalence 18.7% weighted vs paper 24% is unexplained (ledger Table 1 N % rows, both FI builds agree: 22_fi_comparison_summary.csv)"
"paper","Table 3 p.6","MLR","Event (overall)","3729","0","3021","708","0.5","open","","ours: weighted svyglm, our sample quartiles, output/tables/07_table3_quartiles.csv (R/07); depends on the frailty split; frail prevalence 18.7% weighted vs paper 24% is unexplained (ledger Table 1 N % rows, both FI builds agree: 22_fi_comparison_summary.csv)"
"paper","Table 3 p.6","MLR","N (overall)","13507","0","14054","547","0.5","mismatch","sample exclusion","ours: weighted svyglm, our sample quartiles, output/tables/07_table3_quartiles.csv (R/07); our analytic N 14054 vs paper 13507 (output/tables/exclusion_flow.csv; Fig. 1 rows open); marker formulas as in Methods p.2"
"paper","Table 3 p.6","MLR","Model 1 p trend","<0.001","3","1.15326669899521e-06","","bound","match","","trend test coding not stated in the paper | ours: weighted svyglm, our sample quartiles, output/tables/07_table3_quartiles.csv (R/07)"
"paper","Table 3 p.6","MLR","Model 2 p trend","<0.001","3","2.65503902228334e-06","","bound","match","","trend test coding not stated in the paper | ours: weighted svyglm, our sample quartiles, output/tables/07_table3_quartiles.csv (R/07)"
"paper","Table 3 p.6","MLR Q1","Event","796","0","730","66","0.5","open","","ours: weighted svyglm, our sample quartiles, output/tables/07_table3_quartiles.csv (R/07); depends on the frailty split; frail prevalence 18.7% weighted vs paper 24% is unexplained (ledger Table 1 N % rows, both FI builds agree: 22_fi_comparison_summary.csv)"
"paper","Table 3 p.6","MLR Q1","N","3376","0","3580","204","0.5","mismatch","sample exclusion","ours: weighted svyglm, our sample quartiles, output/tables/07_table3_quartiles.csv (R/07); our analytic N 14054 vs paper 13507 (output/tables/exclusion_flow.csv; Fig. 1 rows open); marker formulas as in Methods p.2"
"paper","Table 3 p.6","MLR Q2","Event","805","0","644","161","0.5","open","","ours: weighted svyglm, our sample quartiles, output/tables/07_table3_quartiles.csv (R/07); depends on the frailty split; frail prevalence 18.7% weighted vs paper 24% is unexplained (ledger Table 1 N % rows, both FI builds agree: 22_fi_comparison_summary.csv)"
"paper","Table 3 p.6","MLR Q2","N","3377","0","3475","98","0.5","mismatch","sample exclusion","ours: weighted svyglm, our sample quartiles, output/tables/07_table3_quartiles.csv (R/07); our analytic N 14054 vs paper 13507 (output/tables/exclusion_flow.csv; Fig. 1 rows open); marker formulas as in Methods p.2"
"paper","Table 3 p.6","MLR Q2","Model 1 OR","0.91","2","0.86249770559611","0.0475023","0.005","open","","ours: weighted svyglm, our sample quartiles, output/tables/07_table3_quartiles.csv (R/07); depends on the frailty split; frail prevalence 18.7% weighted vs paper 24% is unexplained (ledger Table 1 N % rows, both FI builds agree: 22_fi_comparison_summary.csv)"
"paper","Table 3 p.6","MLR Q2","Model 1 CI lower","0.78","2","0.739058298268856","0.0409417","0.005","open","","ours: weighted svyglm, our sample quartiles, output/tables/07_table3_quartiles.csv (R/07); depends on the frailty split; frail prevalence 18.7% weighted vs paper 24% is unexplained (ledger Table 1 N % rows, both FI builds agree: 22_fi_comparison_summary.csv)"
"paper","Table 3 p.6","MLR Q2","Model 1 CI upper","1.06","2","1.00655427846632","0.0534457","0.005","open","","ours: weighted svyglm, our sample quartiles, output/tables/07_table3_quartiles.csv (R/07); depends on the frailty split; frail prevalence 18.7% weighted vs paper 24% is unexplained (ledger Table 1 N % rows, both FI builds agree: 22_fi_comparison_summary.csv)"
"paper","Table 3 p.6","MLR Q2","Model 2 OR","0.94","2","0.874802687025685","0.0651973","0.005","open","","ours: weighted svyglm, our sample quartiles, output/tables/07_table3_quartiles.csv (R/07); depends on the frailty split; frail prevalence 18.7% weighted vs paper 24% is unexplained (ledger Table 1 N % rows, both FI builds agree: 22_fi_comparison_summary.csv)"
"paper","Table 3 p.6","MLR Q2","Model 2 CI lower","0.80","2","0.747826061736774","0.0521739","0.005","open","","ours: weighted svyglm, our sample quartiles, output/tables/07_table3_quartiles.csv (R/07); depends on the frailty split; frail prevalence 18.7% weighted vs paper 24% is unexplained (ledger Table 1 N % rows, both FI builds agree: 22_fi_comparison_summary.csv)"
"paper","Table 3 p.6","MLR Q2","Model 2 CI upper","1.11","2","1.02333922336171","0.0866608","0.005","open","","ours: weighted svyglm, our sample quartiles, output/tables/07_table3_quartiles.csv (R/07); depends on the frailty split; frail prevalence 18.7% weighted vs paper 24% is unexplained (ledger Table 1 N % rows, both FI builds agree: 22_fi_comparison_summary.csv)"
"paper","Table 3 p.6","MLR Q3","Event","931","0","741","190","0.5","open","","ours: weighted svyglm, our sample quartiles, output/tables/07_table3_quartiles.csv (R/07); depends on the frailty split; frail prevalence 18.7% weighted vs paper 24% is unexplained (ledger Table 1 N % rows, both FI builds agree: 22_fi_comparison_summary.csv)"
"paper","Table 3 p.6","MLR Q3","N","3377","0","3582","205","0.5","mismatch","sample exclusion","ours: weighted svyglm, our sample quartiles, output/tables/07_table3_quartiles.csv (R/07); our analytic N 14054 vs paper 13507 (output/tables/exclusion_flow.csv; Fig. 1 rows open); marker formulas as in Methods p.2"
"paper","Table 3 p.6","MLR Q3","Model 1 OR","1.11","2","1.04713973840448","0.0628603","0.005","open","","ours: weighted svyglm, our sample quartiles, output/tables/07_table3_quartiles.csv (R/07); depends on the frailty split; frail prevalence 18.7% weighted vs paper 24% is unexplained (ledger Table 1 N % rows, both FI builds agree: 22_fi_comparison_summary.csv)"
"paper","Table 3 p.6","MLR Q3","Model 1 CI lower","0.95","2","0.89018897239308","0.059811","0.005","open","","ours: weighted svyglm, our sample quartiles, output/tables/07_table3_quartiles.csv (R/07); depends on the frailty split; frail prevalence 18.7% weighted vs paper 24% is unexplained (ledger Table 1 N % rows, both FI builds agree: 22_fi_comparison_summary.csv)"
"paper","Table 3 p.6","MLR Q3","Model 1 CI upper","1.30","2","1.23176276695284","0.0682372","0.005","open","","ours: weighted svyglm, our sample quartiles, output/tables/07_table3_quartiles.csv (R/07); depends on the frailty split; frail prevalence 18.7% weighted vs paper 24% is unexplained (ledger Table 1 N % rows, both FI builds agree: 22_fi_comparison_summary.csv)"
"paper","Table 3 p.6","MLR Q3","Model 2 OR","1.06","2","1.03211183619452","0.0278882","0.005","open","","ours: weighted svyglm, our sample quartiles, output/tables/07_table3_quartiles.csv (R/07); depends on the frailty split; frail prevalence 18.7% weighted vs paper 24% is unexplained (ledger Table 1 N % rows, both FI builds agree: 22_fi_comparison_summary.csv)"
"paper","Table 3 p.6","MLR Q3","Model 2 CI lower","0.89","2","0.867705803944743","0.0222942","0.005","open","","ours: weighted svyglm, our sample quartiles, output/tables/07_table3_quartiles.csv (R/07); depends on the frailty split; frail prevalence 18.7% weighted vs paper 24% is unexplained (ledger Table 1 N % rows, both FI builds agree: 22_fi_comparison_summary.csv)"
"paper","Table 3 p.6","MLR Q3","Model 2 CI upper","1.27","2","1.22766822299678","0.0423318","0.005","open","","ours: weighted svyglm, our sample quartiles, output/tables/07_table3_quartiles.csv (R/07); depends on the frailty split; frail prevalence 18.7% weighted vs paper 24% is unexplained (ledger Table 1 N % rows, both FI builds agree: 22_fi_comparison_summary.csv)"
"paper","Table 3 p.6","MLR Q4","Event","1197","0","906","291","0.5","open","","ours: weighted svyglm, our sample quartiles, output/tables/07_table3_quartiles.csv (R/07); depends on the frailty split; frail prevalence 18.7% weighted vs paper 24% is unexplained (ledger Table 1 N % rows, both FI builds agree: 22_fi_comparison_summary.csv)"
"paper","Table 3 p.6","MLR Q4","N","3377","0","3417","40","0.5","mismatch","sample exclusion","ours: weighted svyglm, our sample quartiles, output/tables/07_table3_quartiles.csv (R/07); our analytic N 14054 vs paper 13507 (output/tables/exclusion_flow.csv; Fig. 1 rows open); marker formulas as in Methods p.2"
"paper","Table 3 p.6","MLR Q4","Model 1 OR","1.55","2","1.48658273637866","0.0634173","0.005","open","","ours: weighted svyglm, our sample quartiles, output/tables/07_table3_quartiles.csv (R/07); depends on the frailty split; frail prevalence 18.7% weighted vs paper 24% is unexplained (ledger Table 1 N % rows, both FI builds agree: 22_fi_comparison_summary.csv)"
"paper","Table 3 p.6","MLR Q4","Model 1 CI lower","1.32","2","1.25373780155578","0.0662622","0.005","open","","ours: weighted svyglm, our sample quartiles, output/tables/07_table3_quartiles.csv (R/07); depends on the frailty split; frail prevalence 18.7% weighted vs paper 24% is unexplained (ledger Table 1 N % rows, both FI builds agree: 22_fi_comparison_summary.csv)"
"paper","Table 3 p.6","MLR Q4","Model 1 CI upper","1.82","2","1.76267177184633","0.0573282","0.005","open","","ours: weighted svyglm, our sample quartiles, output/tables/07_table3_quartiles.csv (R/07); depends on the frailty split; frail prevalence 18.7% weighted vs paper 24% is unexplained (ledger Table 1 N % rows, both FI builds agree: 22_fi_comparison_summary.csv)"
"paper","Table 3 p.6","MLR Q4","Model 2 OR","1.61","2","1.53632045841493","0.0736795","0.005","open","","ours: weighted svyglm, our sample quartiles, output/tables/07_table3_quartiles.csv (R/07); depends on the frailty split; frail prevalence 18.7% weighted vs paper 24% is unexplained (ledger Table 1 N % rows, both FI builds agree: 22_fi_comparison_summary.csv)"
"paper","Table 3 p.6","MLR Q4","Model 2 CI lower","1.36","2","1.27714375921766","0.0828562","0.005","open","","ours: weighted svyglm, our sample quartiles, output/tables/07_table3_quartiles.csv (R/07); depends on the frailty split; frail prevalence 18.7% weighted vs paper 24% is unexplained (ledger Table 1 N % rows, both FI builds agree: 22_fi_comparison_summary.csv)"
"paper","Table 3 p.6","MLR Q4","Model 2 CI upper","1.91","2","1.84809308576986","0.0619069","0.005","open","","ours: weighted svyglm, our sample quartiles, output/tables/07_table3_quartiles.csv (R/07); depends on the frailty split; frail prevalence 18.7% weighted vs paper 24% is unexplained (ledger Table 1 N % rows, both FI builds agree: 22_fi_comparison_summary.csv)"
"paper","Table 3 p.6","SIRI","Event (overall)","3729","0","3021","708","0.5","open","","FLAG: row label printed 'RISI' (also in Results text p.4); read as SIRI | ours: weighted svyglm, our sample quartiles, output/tables/07_table3_quartiles.csv (R/07); depends on the frailty split; frail prevalence 18.7% weighted vs paper 24% is unexplained (ledger Table 1 N % rows, both FI builds agree: 22_fi_comparison_summary.csv)"
"paper","Table 3 p.6","SIRI","N (overall)","13507","0","14054","547","0.5","mismatch","sample exclusion","FLAG: row label printed 'RISI' (also in Results text p.4); read as SIRI | ours: weighted svyglm, our sample quartiles, output/tables/07_table3_quartiles.csv (R/07); our analytic N 14054 vs paper 13507 (output/tables/exclusion_flow.csv; Fig. 1 rows open); marker formulas as in Methods p.2"
"paper","Table 3 p.6","SIRI","Model 1 p trend","<0.001","3","3.50544329755753e-20","","bound","match","","trend test coding not stated in the paper | ours: weighted svyglm, our sample quartiles, output/tables/07_table3_quartiles.csv (R/07)"
"paper","Table 3 p.6","SIRI","Model 2 p trend","<0.001","3","2.82600095703919e-08","","bound","match","","trend test coding not stated in the paper | ours: weighted svyglm, our sample quartiles, output/tables/07_table3_quartiles.csv (R/07)"
"paper","Table 3 p.6","SIRI Q1","Event","777","0","614","163","0.5","open","","ours: weighted svyglm, our sample quartiles, output/tables/07_table3_quartiles.csv (R/07); depends on the frailty split; frail prevalence 18.7% weighted vs paper 24% is unexplained (ledger Table 1 N % rows, both FI builds agree: 22_fi_comparison_summary.csv)"
"paper","Table 3 p.6","SIRI Q1","N","3376","0","3518","142","0.5","mismatch","sample exclusion","ours: weighted svyglm, our sample quartiles, output/tables/07_table3_quartiles.csv (R/07); our analytic N 14054 vs paper 13507 (output/tables/exclusion_flow.csv; Fig. 1 rows open); marker formulas as in Methods p.2"
"paper","Table 3 p.6","SIRI Q2","Event","785","0","637","148","0.5","open","","ours: weighted svyglm, our sample quartiles, output/tables/07_table3_quartiles.csv (R/07); depends on the frailty split; frail prevalence 18.7% weighted vs paper 24% is unexplained (ledger Table 1 N % rows, both FI builds agree: 22_fi_comparison_summary.csv)"
"paper","Table 3 p.6","SIRI Q2","N","3377","0","3510","133","0.5","mismatch","sample exclusion","ours: weighted svyglm, our sample quartiles, output/tables/07_table3_quartiles.csv (R/07); our analytic N 14054 vs paper 13507 (output/tables/exclusion_flow.csv; Fig. 1 rows open); marker formulas as in Methods p.2"
"paper","Table 3 p.6","SIRI Q2","Model 1 OR","1.09","2","1.10023045912998","0.0102305","0.005","open","","ours: weighted svyglm, our sample quartiles, output/tables/07_table3_quartiles.csv (R/07); depends on the frailty split; frail prevalence 18.7% weighted vs paper 24% is unexplained (ledger Table 1 N % rows, both FI builds agree: 22_fi_comparison_summary.csv)"
"paper","Table 3 p.6","SIRI Q2","Model 1 CI lower","0.93","2","0.92648878856676","0.00351121","0.005","match","","ours: weighted svyglm, our sample quartiles, output/tables/07_table3_quartiles.csv (R/07)"
"paper","Table 3 p.6","SIRI Q2","Model 1 CI upper","1.28","2","1.30655338535718","0.0265534","0.005","open","","ours: weighted svyglm, our sample quartiles, output/tables/07_table3_quartiles.csv (R/07); depends on the frailty split; frail prevalence 18.7% weighted vs paper 24% is unexplained (ledger Table 1 N % rows, both FI builds agree: 22_fi_comparison_summary.csv)"
"paper","Table 3 p.6","SIRI Q2","Model 2 OR","1.01","2","0.98997790285691","0.0200221","0.005","open","","ours: weighted svyglm, our sample quartiles, output/tables/07_table3_quartiles.csv (R/07); depends on the frailty split; frail prevalence 18.7% weighted vs paper 24% is unexplained (ledger Table 1 N % rows, both FI builds agree: 22_fi_comparison_summary.csv)"
"paper","Table 3 p.6","SIRI Q2","Model 2 CI lower","0.86","2","0.816231038365588","0.043769","0.005","open","","ours: weighted svyglm, our sample quartiles, output/tables/07_table3_quartiles.csv (R/07); depends on the frailty split; frail prevalence 18.7% weighted vs paper 24% is unexplained (ledger Table 1 N % rows, both FI builds agree: 22_fi_comparison_summary.csv)"
"paper","Table 3 p.6","SIRI Q2","Model 2 CI upper","1.19","2","1.20070936055975","0.0107094","0.005","open","","ours: weighted svyglm, our sample quartiles, output/tables/07_table3_quartiles.csv (R/07); depends on the frailty split; frail prevalence 18.7% weighted vs paper 24% is unexplained (ledger Table 1 N % rows, both FI builds agree: 22_fi_comparison_summary.csv)"
"paper","Table 3 p.6","SIRI Q3","Event","954","0","756","198","0.5","open","","ours: weighted svyglm, our sample quartiles, output/tables/07_table3_quartiles.csv (R/07); depends on the frailty split; frail prevalence 18.7% weighted vs paper 24% is unexplained (ledger Table 1 N % rows, both FI builds agree: 22_fi_comparison_summary.csv)"
"paper","Table 3 p.6","SIRI Q3","N","3377","0","3517","140","0.5","mismatch","sample exclusion","ours: weighted svyglm, our sample quartiles, output/tables/07_table3_quartiles.csv (R/07); our analytic N 14054 vs paper 13507 (output/tables/exclusion_flow.csv; Fig. 1 rows open); marker formulas as in Methods p.2"
"paper","Table 3 p.6","SIRI Q3","Model 1 OR","1.48","2","1.45782857551067","0.0221714","0.005","open","","ours: weighted svyglm, our sample quartiles, output/tables/07_table3_quartiles.csv (R/07); depends on the frailty split; frail prevalence 18.7% weighted vs paper 24% is unexplained (ledger Table 1 N % rows, both FI builds agree: 22_fi_comparison_summary.csv)"
"paper","Table 3 p.6","SIRI Q3","Model 1 CI lower","1.26","2","1.23132592515482","0.0286741","0.005","open","","ours: weighted svyglm, our sample quartiles, output/tables/07_table3_quartiles.csv (R/07); depends on the frailty split; frail prevalence 18.7% weighted vs paper 24% is unexplained (ledger Table 1 N % rows, both FI builds agree: 22_fi_comparison_summary.csv)"
"paper","Table 3 p.6","SIRI Q3","Model 1 CI upper","1.75","2","1.72599643372915","0.0240036","0.005","open","","ours: weighted svyglm, our sample quartiles, output/tables/07_table3_quartiles.csv (R/07); depends on the frailty split; frail prevalence 18.7% weighted vs paper 24% is unexplained (ledger Table 1 N % rows, both FI builds agree: 22_fi_comparison_summary.csv)"
"paper","Table 3 p.6","SIRI Q3","Model 2 OR","1.22","2","1.13784666593127","0.0821533","0.005","open","","ours: weighted svyglm, our sample quartiles, output/tables/07_table3_quartiles.csv (R/07); depends on the frailty split; frail prevalence 18.7% weighted vs paper 24% is unexplained (ledger Table 1 N % rows, both FI builds agree: 22_fi_comparison_summary.csv)"
"paper","Table 3 p.6","SIRI Q3","Model 2 CI lower","1.03","2","0.949808648889048","0.0801914","0.005","open","","ours: weighted svyglm, our sample quartiles, output/tables/07_table3_quartiles.csv (R/07); depends on the frailty split; frail prevalence 18.7% weighted vs paper 24% is unexplained (ledger Table 1 N % rows, both FI builds agree: 22_fi_comparison_summary.csv)"
"paper","Table 3 p.6","SIRI Q3","Model 2 CI upper","1.45","2","1.36311144006243","0.0868886","0.005","open","","ours: weighted svyglm, our sample quartiles, output/tables/07_table3_quartiles.csv (R/07); depends on the frailty split; frail prevalence 18.7% weighted vs paper 24% is unexplained (ledger Table 1 N % rows, both FI builds agree: 22_fi_comparison_summary.csv)"
"paper","Table 3 p.6","SIRI Q4","Event/N","12,313,377","","1014/3509","","","mismatch","paper typo","FLAG suspected paper typo: Event/N printed '12,313,377' (slash lost). Naive reading 1231/3377 makes Q1-Q4 events sum to 3747, not the printed total 3729; the total implies 1213/3377 | ours: weighted svyglm, our sample quartiles, output/tables/07_table3_quartiles.csv (R/07); printed '12,313,377' (slash lost); read as 1231/3377 the SIRI Q1-Q4 events sum to 3747, not the printed 3729; the total implies 1213/3377"
"paper","Table 3 p.6","SIRI Q4","Model 1 OR","2.29","2","2.2610474787691","0.0289525","0.005","open","","ours: weighted svyglm, our sample quartiles, output/tables/07_table3_quartiles.csv (R/07); depends on the frailty split; frail prevalence 18.7% weighted vs paper 24% is unexplained (ledger Table 1 N % rows, both FI builds agree: 22_fi_comparison_summary.csv)"
"paper","Table 3 p.6","SIRI Q4","Model 1 CI lower","1.94","2","1.90431182145053","0.0356882","0.005","open","","ours: weighted svyglm, our sample quartiles, output/tables/07_table3_quartiles.csv (R/07); depends on the frailty split; frail prevalence 18.7% weighted vs paper 24% is unexplained (ledger Table 1 N % rows, both FI builds agree: 22_fi_comparison_summary.csv)"
"paper","Table 3 p.6","SIRI Q4","Model 1 CI upper","2.71","2","2.68461059983023","0.0253894","0.005","open","","ours: weighted svyglm, our sample quartiles, output/tables/07_table3_quartiles.csv (R/07); depends on the frailty split; frail prevalence 18.7% weighted vs paper 24% is unexplained (ledger Table 1 N % rows, both FI builds agree: 22_fi_comparison_summary.csv)"
"paper","Table 3 p.6","SIRI Q4","Model 2 OR","1.72","2","1.64359567697504","0.0764043","0.005","open","","ours: weighted svyglm, our sample quartiles, output/tables/07_table3_quartiles.csv (R/07); depends on the frailty split; frail prevalence 18.7% weighted vs paper 24% is unexplained (ledger Table 1 N % rows, both FI builds agree: 22_fi_comparison_summary.csv)"
"paper","Table 3 p.6","SIRI Q4","Model 2 CI lower","1.43","2","1.3496413752915","0.0803586","0.005","open","","ours: weighted svyglm, our sample quartiles, output/tables/07_table3_quartiles.csv (R/07); depends on the frailty split; frail prevalence 18.7% weighted vs paper 24% is unexplained (ledger Table 1 N % rows, both FI builds agree: 22_fi_comparison_summary.csv)"
"paper","Table 3 p.6","SIRI Q4","Model 2 CI upper","2.06","2","2.00157375049914","0.0584262","0.005","open","","ours: weighted svyglm, our sample quartiles, output/tables/07_table3_quartiles.csv (R/07); depends on the frailty split; frail prevalence 18.7% weighted vs paper 24% is unexplained (ledger Table 1 N % rows, both FI builds agree: 22_fi_comparison_summary.csv)"
"paper","Table 3 p.6","SII","Event (overall)","3729","0","3021","708","0.5","open","","ours: weighted svyglm, our sample quartiles, output/tables/07_table3_quartiles.csv (R/07); depends on the frailty split; frail prevalence 18.7% weighted vs paper 24% is unexplained (ledger Table 1 N % rows, both FI builds agree: 22_fi_comparison_summary.csv)"
"paper","Table 3 p.6","SII","N (overall)","13507","0","14054","547","0.5","mismatch","sample exclusion","ours: weighted svyglm, our sample quartiles, output/tables/07_table3_quartiles.csv (R/07); our analytic N 14054 vs paper 13507 (output/tables/exclusion_flow.csv; Fig. 1 rows open); marker formulas as in Methods p.2"
"paper","Table 3 p.6","SII","Model 1 p trend","<0.001","3","2.9348701876825e-07","","bound","match","","trend test coding not stated in the paper | ours: weighted svyglm, our sample quartiles, output/tables/07_table3_quartiles.csv (R/07)"
"paper","Table 3 p.6","SII","Model 2 p trend","<0.001","3","0.00370414787444953","","bound","open","","trend test coding not stated in the paper | ours: weighted svyglm, our sample quartiles, output/tables/07_table3_quartiles.csv (R/07); depends on the frailty split; frail prevalence 18.7% weighted vs paper 24% is unexplained (ledger Table 1 N % rows, both FI builds agree: 22_fi_comparison_summary.csv)"
"paper","Table 3 p.6","SII Q1","Event","868","0","716","152","0.5","open","","ours: weighted svyglm, our sample quartiles, output/tables/07_table3_quartiles.csv (R/07); depends on the frailty split; frail prevalence 18.7% weighted vs paper 24% is unexplained (ledger Table 1 N % rows, both FI builds agree: 22_fi_comparison_summary.csv)"
"paper","Table 3 p.6","SII Q1","N","3376","0","3516","140","0.5","mismatch","sample exclusion","ours: weighted svyglm, our sample quartiles, output/tables/07_table3_quartiles.csv (R/07); our analytic N 14054 vs paper 13507 (output/tables/exclusion_flow.csv; Fig. 1 rows open); marker formulas as in Methods p.2"
"paper","Table 3 p.6","SII Q2","Event","786","0","632","154","0.5","open","","ours: weighted svyglm, our sample quartiles, output/tables/07_table3_quartiles.csv (R/07); depends on the frailty split; frail prevalence 18.7% weighted vs paper 24% is unexplained (ledger Table 1 N % rows, both FI builds agree: 22_fi_comparison_summary.csv)"
"paper","Table 3 p.6","SII Q2","N","3377","0","3511","134","0.5","mismatch","sample exclusion","ours: weighted svyglm, our sample quartiles, output/tables/07_table3_quartiles.csv (R/07); our analytic N 14054 vs paper 13507 (output/tables/exclusion_flow.csv; Fig. 1 rows open); marker formulas as in Methods p.2"
"paper","Table 3 p.6","SII Q2","Model 1 OR","0.87","2","0.842359767225421","0.0276402","0.005","open","","FLAG: OR 0.87 is not the log-scale centre of CI (0.74, 1.08); sqrt(L*U) = 0.894, outside rounding error | ours: weighted svyglm, our sample quartiles, output/tables/07_table3_quartiles.csv (R/07); depends on the frailty split; frail prevalence 18.7% weighted vs paper 24% is unexplained (ledger Table 1 N % rows, both FI builds agree: 22_fi_comparison_summary.csv)"
"paper","Table 3 p.6","SII Q2","Model 1 CI lower","0.74","2","0.710993792556383","0.0290062","0.005","open","","FLAG: OR 0.87 is not the log-scale centre of CI (0.74, 1.08); sqrt(L*U) = 0.894, outside rounding error | ours: weighted svyglm, our sample quartiles, output/tables/07_table3_quartiles.csv (R/07); depends on the frailty split; frail prevalence 18.7% weighted vs paper 24% is unexplained (ledger Table 1 N % rows, both FI builds agree: 22_fi_comparison_summary.csv)"
"paper","Table 3 p.6","SII Q2","Model 1 CI upper","1.08","2","0.997997429610181","0.0820026","0.005","open","","FLAG: OR 0.87 is not the log-scale centre of CI (0.74, 1.08); sqrt(L*U) = 0.894, outside rounding error | ours: weighted svyglm, our sample quartiles, output/tables/07_table3_quartiles.csv (R/07); depends on the frailty split; frail prevalence 18.7% weighted vs paper 24% is unexplained (ledger Table 1 N % rows, both FI builds agree: 22_fi_comparison_summary.csv)"
"paper","Table 3 p.6","SII Q2","Model 2 OR","0.79","2","0.779992763610004","0.0100072","0.005","open","","FLAG suspected paper typo: OR 0.79 is not the log-scale centre of CI (0.67, 1.03); sqrt(L*U) = 0.831, outside rounding error | ours: weighted svyglm, our sample quartiles, output/tables/07_table3_quartiles.csv (R/07); depends on the frailty split; frail prevalence 18.7% weighted vs paper 24% is unexplained (ledger Table 1 N % rows, both FI builds agree: 22_fi_comparison_summary.csv)"
"paper","Table 3 p.6","SII Q2","Model 2 CI lower","0.67","2","0.656784021796126","0.013216","0.005","open","","FLAG suspected paper typo: OR 0.79 is not the log-scale centre of CI (0.67, 1.03); sqrt(L*U) = 0.831, outside rounding error | ours: weighted svyglm, our sample quartiles, output/tables/07_table3_quartiles.csv (R/07); depends on the frailty split; frail prevalence 18.7% weighted vs paper 24% is unexplained (ledger Table 1 N % rows, both FI builds agree: 22_fi_comparison_summary.csv)"
"paper","Table 3 p.6","SII Q2","Model 2 CI upper","1.03","2","0.926314726141166","0.103685","0.005","open","","FLAG suspected paper typo: OR 0.79 is not the log-scale centre of CI (0.67, 1.03); sqrt(L*U) = 0.831, outside rounding error | ours: weighted svyglm, our sample quartiles, output/tables/07_table3_quartiles.csv (R/07); depends on the frailty split; frail prevalence 18.7% weighted vs paper 24% is unexplained (ledger Table 1 N % rows, both FI builds agree: 22_fi_comparison_summary.csv)"
"paper","Table 3 p.6","SII Q3","Event","894","0","697","197","0.5","open","","ours: weighted svyglm, our sample quartiles, output/tables/07_table3_quartiles.csv (R/07); depends on the frailty split; frail prevalence 18.7% weighted vs paper 24% is unexplained (ledger Table 1 N % rows, both FI builds agree: 22_fi_comparison_summary.csv)"
"paper","Table 3 p.6","SII Q3","N","3377","0","3513","136","0.5","mismatch","sample exclusion","ours: weighted svyglm, our sample quartiles, output/tables/07_table3_quartiles.csv (R/07); our analytic N 14054 vs paper 13507 (output/tables/exclusion_flow.csv; Fig. 1 rows open); marker formulas as in Methods p.2"
"paper","Table 3 p.6","SII Q3","Model 1 OR","1.01","2","0.93336165882118","0.0766383","0.005","open","","ours: weighted svyglm, our sample quartiles, output/tables/07_table3_quartiles.csv (R/07); depends on the frailty split; frail prevalence 18.7% weighted vs paper 24% is unexplained (ledger Table 1 N % rows, both FI builds agree: 22_fi_comparison_summary.csv)"
"paper","Table 3 p.6","SII Q3","Model 1 CI lower","0.86","2","0.793963456282062","0.0660365","0.005","open","","ours: weighted svyglm, our sample quartiles, output/tables/07_table3_quartiles.csv (R/07); depends on the frailty split; frail prevalence 18.7% weighted vs paper 24% is unexplained (ledger Table 1 N % rows, both FI builds agree: 22_fi_comparison_summary.csv)"
"paper","Table 3 p.6","SII Q3","Model 1 CI upper","1.19","2","1.09723436168823","0.0927656","0.005","open","","ours: weighted svyglm, our sample quartiles, output/tables/07_table3_quartiles.csv (R/07); depends on the frailty split; frail prevalence 18.7% weighted vs paper 24% is unexplained (ledger Table 1 N % rows, both FI builds agree: 22_fi_comparison_summary.csv)"
"paper","Table 3 p.6","SII Q3","Model 2 OR","0.90","2","0.821081853636963","0.0789181","0.005","open","","ours: weighted svyglm, our sample quartiles, output/tables/07_table3_quartiles.csv (R/07); depends on the frailty split; frail prevalence 18.7% weighted vs paper 24% is unexplained (ledger Table 1 N % rows, both FI builds agree: 22_fi_comparison_summary.csv)"
"paper","Table 3 p.6","SII Q3","Model 2 CI lower","0.75","2","0.68521947602877","0.0647805","0.005","open","","ours: weighted svyglm, our sample quartiles, output/tables/07_table3_quartiles.csv (R/07); depends on the frailty split; frail prevalence 18.7% weighted vs paper 24% is unexplained (ledger Table 1 N % rows, both FI builds agree: 22_fi_comparison_summary.csv)"
"paper","Table 3 p.6","SII Q3","Model 2 CI upper","1.08","2","0.983882440527134","0.0961176","0.005","open","","ours: weighted svyglm, our sample quartiles, output/tables/07_table3_quartiles.csv (R/07); depends on the frailty split; frail prevalence 18.7% weighted vs paper 24% is unexplained (ledger Table 1 N % rows, both FI builds agree: 22_fi_comparison_summary.csv)"
"paper","Table 3 p.6","SII Q4","Event/N","11,813,377","","976/3514","","","mismatch","paper typo","FLAG suspected paper typo: Event/N printed '11,813,377' (slash lost). Reading 1181/3377 makes Q1-Q4 events sum to 3729, matching the printed total | ours: weighted svyglm, our sample quartiles, output/tables/07_table3_quartiles.csv (R/07); printed '11,813,377' (slash lost); 1181/3377 makes SII Q1-Q4 events sum to the printed 3729"
"paper","Table 3 p.6","SII Q4","Model 1 OR","1.55","2","1.48411624752987","0.0658838","0.005","open","","ours: weighted svyglm, our sample quartiles, output/tables/07_table3_quartiles.csv (R/07); depends on the frailty split; frail prevalence 18.7% weighted vs paper 24% is unexplained (ledger Table 1 N % rows, both FI builds agree: 22_fi_comparison_summary.csv)"
"paper","Table 3 p.6","SII Q4","Model 1 CI lower","1.31","2","1.26876355107044","0.0412364","0.005","open","","ours: weighted svyglm, our sample quartiles, output/tables/07_table3_quartiles.csv (R/07); depends on the frailty split; frail prevalence 18.7% weighted vs paper 24% is unexplained (ledger Table 1 N % rows, both FI builds agree: 22_fi_comparison_summary.csv)"
"paper","Table 3 p.6","SII Q4","Model 1 CI upper","1.82","2","1.7360216837281","0.0839783","0.005","open","","ours: weighted svyglm, our sample quartiles, output/tables/07_table3_quartiles.csv (R/07); depends on the frailty split; frail prevalence 18.7% weighted vs paper 24% is unexplained (ledger Table 1 N % rows, both FI builds agree: 22_fi_comparison_summary.csv)"
"paper","Table 3 p.6","SII Q4","Model 2 OR","1.31","2","1.25000477148996","0.0599952","0.005","open","","ours: weighted svyglm, our sample quartiles, output/tables/07_table3_quartiles.csv (R/07); depends on the frailty split; frail prevalence 18.7% weighted vs paper 24% is unexplained (ledger Table 1 N % rows, both FI builds agree: 22_fi_comparison_summary.csv)"
"paper","Table 3 p.6","SII Q4","Model 2 CI lower","1.09","2","1.05268696111618","0.037313","0.005","open","","ours: weighted svyglm, our sample quartiles, output/tables/07_table3_quartiles.csv (R/07); depends on the frailty split; frail prevalence 18.7% weighted vs paper 24% is unexplained (ledger Table 1 N % rows, both FI builds agree: 22_fi_comparison_summary.csv)"
"paper","Table 3 p.6","SII Q4","Model 2 CI upper","1.57","2","1.48430823831132","0.0856918","0.005","open","","ours: weighted svyglm, our sample quartiles, output/tables/07_table3_quartiles.csv (R/07); depends on the frailty split; frail prevalence 18.7% weighted vs paper 24% is unexplained (ledger Table 1 N % rows, both FI builds agree: 22_fi_comparison_summary.csv)"
"paper","Fig. 1 p.4","recruited 1999-2016","n","92062","0","92062","0","0.5","match","","our value from output/tables/exclusion_flow.csv (R/20_build_analytic_sample.R)"
"paper","Fig. 1 p.4","excluded: age < 50","n","70392","0","67943","2449","0.5","open","","our value from output/tables/exclusion_flow.csv (R/20_build_analytic_sample.R); age >= 50 in DEMO 1999-2016 = 24119; examined-only = 22734; age > 50 = 23313; none reproduces 21670"
"paper","Fig. 1 p.4","remaining","n","21670","0","24119","2449","0.5","open","","our value from output/tables/exclusion_flow.csv (R/20_build_analytic_sample.R); see age < 50 row"
"paper","Fig. 1 p.4","excluded: insufficient CBC","n","2508","0","2508","0","0.5","match","","our value from output/tables/exclusion_flow.csv (R/20_build_analytic_sample.R); equal count is coincidental: ours removes 2508 of 24119 (incl. 1385 not examined), paper 2508 of 21670; paper N not used in the code"
"paper","Fig. 1 p.4","remaining","n","19162","0","21611","2449","0.5","open","","our value from output/tables/exclusion_flow.csv (R/20_build_analytic_sample.R); inherits the age < 50 gap"
"paper","Fig. 1 p.4","excluded: insufficient frailty data","n","5503","0","4670","833","0.5","open","","our value from output/tables/exclusion_flow.csv (R/20_build_analytic_sample.R); our rule >= 29/36 FI items answered is not stated in the paper (build_decisions.csv); 70% of 50-59s fail it due to the PFQ skip pattern (fi_completeness_by_age.csv)"
"paper","Fig. 1 p.4","excluded: missing covariates","n","152","0","2887","2735","0.5","open","","our value from output/tables/exclusion_flow.csv (R/20_build_analytic_sample.R); PIR and dietary nonresponse dominate; paper's 152 is implausibly small for PIR missingness unless imputed (not stated)"
"paper","Fig. 1 p.4","final","n","13507","0","14054","547","0.5","open","","final box says 'included in the survival analysis' though the study is cross-sectional logistic regression | our value from output/tables/exclusion_flow.csv (R/20_build_analytic_sample.R); net of the step differences above"
