"cycle","item","missing","route_missing"
"1999-2000","angina",26,26
"1999-2000","heart_attack",16,16
"1999-2000","coronary_heart_disease",32,32
"1999-2000","stroke",3,3
"1999-2000","thyroid",9,9
"1999-2000","cancer",4,4
"1999-2000","arthritis",4,4
"1999-2000","hypertension",23,23
"1999-2000","diabetes",53,53
"1999-2000","kidney",10,10
"1999-2000","confusion",3,3
"1999-2000","managing_money",444,8
"1999-2000","stooping",437,1
"1999-2000","lifting",441,5
"1999-2000","walking_rooms",438,2
"1999-2000","chair_rise",437,1
"1999-2000","bed",437,1
"1999-2000","dressing",438,2
"1999-2000","grasping",438,2
"1999-2000","social_event",444,8
"1999-2000","self_rated_health",3,3
"1999-2000","healthcare_use",732,732
"1999-2000","health_last_year",3,3
"1999-2000","hospital_stay",4,4
"1999-2000","medications",14,14
"1999-2000","pulse",317,317
"1999-2000","sbp",332,332
"1999-2000","pulse_pressure",370,370
"1999-2000","platelets",371,371
"1999-2000","bun",432,432
"1999-2000","bicarbonate",432,432
"1999-2000","rdw",371,371
"1999-2000","ldh",432,432
"1999-2000","alp",432,432
"1999-2000","uric_acid",432,432
"1999-2000","calcium",432,432
"2001-2002","angina",27,27
"2001-2002","heart_attack",11,11
"2001-2002","coronary_heart_disease",38,38
"2001-2002","stroke",8,8
"2001-2002","thyroid",10,10
"2001-2002","cancer",4,4
"2001-2002","arthritis",5,5
"2001-2002","hypertension",12,12
"2001-2002","diabetes",55,55
"2001-2002","kidney",18,18
"2001-2002","confusion",7,7
"2001-2002","managing_money",522,4
"2001-2002","stooping",521,3
"2001-2002","lifting",527,9
"2001-2002","walking_rooms",520,2
"2001-2002","chair_rise",522,4
"2001-2002","bed",520,2
"2001-2002","dressing",520,2
"2001-2002","grasping",521,3
"2001-2002","social_event",525,7
"2001-2002","self_rated_health",2,2
"2001-2002","healthcare_use",805,805
"2001-2002","health_last_year",2,2
"2001-2002","hospital_stay",0,0
"2001-2002","medications",13,13
"2001-2002","pulse",363,363
"2001-2002","sbp",378,378
"2001-2002","pulse_pressure",407,407
"2001-2002","platelets",372,372
"2001-2002","bun",420,420
"2001-2002","bicarbonate",420,420
"2001-2002","rdw",372,372
"2001-2002","ldh",421,421
"2001-2002","alp",420,420
"2001-2002","uric_acid",420,420
"2001-2002","calcium",420,420
"2003-2004","angina",15,15
"2003-2004","heart_attack",9,9
"2003-2004","coronary_heart_disease",26,26
"2003-2004","stroke",6,6
"2003-2004","thyroid",9,9
"2003-2004","cancer",4,4
"2003-2004","arthritis",9,9
"2003-2004","hypertension",17,17
"2003-2004","diabetes",57,57
"2003-2004","kidney",7,7
"2003-2004","confusion",0,0
"2003-2004","managing_money",535,151
"2003-2004","stooping",443,59
"2003-2004","lifting",453,69
"2003-2004","walking_rooms",398,14
"2003-2004","chair_rise",392,8
"2003-2004","bed",389,5
"2003-2004","dressing",389,5
"2003-2004","grasping",388,4
"2003-2004","social_event",506,122
"2003-2004","self_rated_health",3,3
"2003-2004","healthcare_use",878,878
"2003-2004","health_last_year",1,1
"2003-2004","hospital_stay",4,4
"2003-2004","medications",6,6
"2003-2004","pulse",304,304
"2003-2004","sbp",375,375
"2003-2004","pulse_pressure",408,408
"2003-2004","platelets",278,278
"2003-2004","bun",326,326
"2003-2004","bicarbonate",326,326
"2003-2004","rdw",278,278
"2003-2004","ldh",327,327
"2003-2004","alp",326,326
"2003-2004","uric_acid",326,326
"2003-2004","calcium",326,326
"2005-2006","angina",14,14
"2005-2006","heart_attack",7,7
"2005-2006","coronary_heart_disease",22,22
"2005-2006","stroke",9,9
"2005-2006","thyroid",10,10
"2005-2006","cancer",4,4
"2005-2006","arthritis",5,5
"2005-2006","hypertension",9,9
"2005-2006","diabetes",66,66
"2005-2006","kidney",6,6
"2005-2006","confusion",2,2
"2005-2006","managing_money",567,132
"2005-2006","stooping",473,38
"2005-2006","lifting",477,42
"2005-2006","walking_rooms",441,6
"2005-2006","chair_rise",442,7
"2005-2006","bed",439,4
"2005-2006","dressing",438,3
"2005-2006","grasping",438,3
"2005-2006","social_event",531,96
"2005-2006","self_rated_health",1,1
"2005-2006","healthcare_use",697,697
"2005-2006","health_last_year",3,3
"2005-2006","hospital_stay",4,4
"2005-2006","medications",7,7
"2005-2006","pulse",174,174
"2005-2006","sbp",202,202
"2005-2006","pulse_pressure",224,224
"2005-2006","platelets",195,195
"2005-2006","bun",221,221
"2005-2006","bicarbonate",267,267
"2005-2006","rdw",195,195
"2005-2006","ldh",267,267
"2005-2006","alp",221,221
"2005-2006","uric_acid",221,221
"2005-2006","calcium",221,221
"2007-2008","angina",16,16
"2007-2008","heart_attack",7,7
"2007-2008","coronary_heart_disease",24,24
"2007-2008","stroke",11,11
"2007-2008","thyroid",8,8
"2007-2008","cancer",6,6
"2007-2008","arthritis",7,7
"2007-2008","hypertension",4,4
"2007-2008","diabetes",74,74
"2007-2008","kidney",7,7
"2007-2008","confusion",0,0
"2007-2008","managing_money",823,161
"2007-2008","stooping",697,35
"2007-2008","lifting",717,55
"2007-2008","walking_rooms",672,10
"2007-2008","chair_rise",668,6
"2007-2008","bed",672,10
"2007-2008","dressing",665,3
"2007-2008","grasping",666,4
"2007-2008","social_event",825,163
"2007-2008","self_rated_health",2,2
"2007-2008","healthcare_use",1068,1068
"2007-2008","health_last_year",2,2
"2007-2008","hospital_stay",2,2
"2007-2008","medications",5,5
"2007-2008","pulse",256,256
"2007-2008","sbp",261,261
"2007-2008","pulse_pressure",288,288
"2007-2008","platelets",302,302
"2007-2008","bun",329,329
"2007-2008","bicarbonate",329,329
"2007-2008","rdw",302,302
"2007-2008","ldh",330,330
"2007-2008","alp",329,329
"2007-2008","uric_acid",329,329
"2007-2008","calcium",329,329
"2009-2010","angina",15,15
"2009-2010","heart_attack",9,9
"2009-2010","coronary_heart_disease",22,22
"2009-2010","stroke",8,8
"2009-2010","thyroid",7,7
"2009-2010","cancer",7,7
"2009-2010","arthritis",10,10
"2009-2010","hypertension",6,6
"2009-2010","diabetes",98,98
"2009-2010","kidney",10,10
"2009-2010","confusion",2,2
"2009-2010","managing_money",777,122
"2009-2010","stooping",690,35
"2009-2010","lifting",719,64
"2009-2010","walking_rooms",663,8
"2009-2010","chair_rise",668,13
"2009-2010","bed",662,7
"2009-2010","dressing",662,7
"2009-2010","grasping",659,4
"2009-2010","social_event",789,134
"2009-2010","self_rated_health",0,0
"2009-2010","healthcare_use",954,954
"2009-2010","health_last_year",0,0
"2009-2010","hospital_stay",1,1
"2009-2010","medications",4,4
"2009-2010","pulse",186,186
"2009-2010","sbp",193,193
"2009-2010","pulse_pressure",211,211
"2009-2010","platelets",237,237
"2009-2010","bun",282,282
"2009-2010","bicarbonate",282,282
"2009-2010","rdw",237,237
"2009-2010","ldh",283,283
"2009-2010","alp",282,282
"2009-2010","uric_acid",283,283
"2009-2010","calcium",282,282
"2011-2012","angina",17,17
"2011-2012","heart_attack",5,5
"2011-2012","coronary_heart_disease",19,19
"2011-2012","stroke",4,4
"2011-2012","thyroid",10,10
"2011-2012","cancer",4,4
"2011-2012","arthritis",7,7
"2011-2012","hypertension",3,3
"2011-2012","diabetes",92,92
"2011-2012","kidney",5,5
"2011-2012","confusion",2,2
"2011-2012","managing_money",750,119
"2011-2012","stooping",688,57
"2011-2012","lifting",686,55
"2011-2012","walking_rooms",639,8
"2011-2012","chair_rise",641,10
"2011-2012","bed",636,5
"2011-2012","dressing",636,5
"2011-2012","grasping",634,3
"2011-2012","social_event",759,128
"2011-2012","self_rated_health",1,1
"2011-2012","healthcare_use",834,834
"2011-2012","health_last_year",1,1
"2011-2012","hospital_stay",2,2
"2011-2012","medications",1,1
"2011-2012","pulse",246,246
"2011-2012","sbp",248,248
"2011-2012","pulse_pressure",256,256
"2011-2012","platelets",276,276
"2011-2012","bun",371,371
"2011-2012","bicarbonate",371,371
"2011-2012","rdw",276,276
"2011-2012","ldh",374,374
"2011-2012","alp",371,371
"2011-2012","uric_acid",371,371
"2011-2012","calcium",371,371
"2013-2014","angina",7,7
"2013-2014","heart_attack",3,3
"2013-2014","coronary_heart_disease",16,16
"2013-2014","stroke",5,5
"2013-2014","thyroid",7,7
"2013-2014","cancer",0,0
"2013-2014","arthritis",10,10
"2013-2014","hypertension",4,4
"2013-2014","diabetes",129,129
"2013-2014","kidney",6,6
"2013-2014","confusion",2,2
"2013-2014","managing_money",760,119
"2013-2014","stooping",674,33
"2013-2014","lifting",687,46
"2013-2014","walking_rooms",649,8
"2013-2014","chair_rise",646,5
"2013-2014","bed",650,9
"2013-2014","dressing",643,2
"2013-2014","grasping",645,4
"2013-2014","social_event",759,118
"2013-2014","self_rated_health",3,3
"2013-2014","healthcare_use",2,2
"2013-2014","health_last_year",0,0
"2013-2014","hospital_stay",0,0
"2013-2014","medications",2,2
"2013-2014","pulse",173,173
"2013-2014","sbp",181,181
"2013-2014","pulse_pressure",194,194
"2013-2014","platelets",172,172
"2013-2014","bun",214,214
"2013-2014","bicarbonate",214,214
"2013-2014","rdw",172,172
"2013-2014","ldh",216,216
"2013-2014","alp",215,215
"2013-2014","uric_acid",215,215
"2013-2014","calcium",226,226
"2015-2016","angina",15,15
"2015-2016","heart_attack",7,7
"2015-2016","coronary_heart_disease",23,23
"2015-2016","stroke",5,5
"2015-2016","thyroid",6,6
"2015-2016","cancer",5,5
"2015-2016","arthritis",6,6
"2015-2016","hypertension",3,3
"2015-2016","diabetes",104,104
"2015-2016","kidney",5,5
"2015-2016","confusion",1,1
"2015-2016","managing_money",757,127
"2015-2016","stooping",677,47
"2015-2016","lifting",686,56
"2015-2016","walking_rooms",640,10
"2015-2016","chair_rise",639,9
"2015-2016","bed",633,3
"2015-2016","dressing",637,7
"2015-2016","grasping",633,3
"2015-2016","social_event",826,196
"2015-2016","self_rated_health",6,6
"2015-2016","healthcare_use",9,9
"2015-2016","health_last_year",2,2
"2015-2016","hospital_stay",3,3
"2015-2016","medications",3,3
"2015-2016","pulse",178,178
"2015-2016","sbp",186,186
"2015-2016","pulse_pressure",200,200
"2015-2016","platelets",246,246
"2015-2016","bun",271,271
"2015-2016","bicarbonate",271,271
"2015-2016","rdw",246,246
"2015-2016","ldh",272,272
"2015-2016","alp",273,273
"2015-2016","uric_acid",274,274
"2015-2016","calcium",271,271
